title,uploader,episode_day,url,frame_namefile,words
La Ghigliottina - L'EreditÃ  19/11/2024',Rai,19/11/2024,https://www.youtube.com/watch?v=Yq5jddSisew,19-11-2024.jpg,"GIORNO,PASSARE,LIBRO,GIOCHI,REALTA,23.125"
La Ghigliottina - L'EreditÃ  18/11/2024',Rai,18/11/2024,https://www.youtube.com/watch?v=ktmE00afoCM,18-11-2024.jpg,"METTERE,PONTEGGIO,ROMANA,ORO,FARMACISTA,47.500"
La Ghigliottina - L'EreditÃ  17/11/2024',Rai,17/11/2024,https://www.youtube.com/watch?v=kBxDD0Ay3cg,17-11-2024.jpg,"APERTO,MINUTo,COMUNE,TORO,LAVORO,37.500"
La Ghigliottina - L'EreditÃ  16/11/2024',Rai,16/11/2024,https://www.youtube.com/watch?v=NhXTlWDAXI8,16-11-2024.jpg,"PIEDE,SGUARDO,DIRETTO,APRIRE,TIRO,160.000"
La Ghigliottina - L'EreditÃ  15/11/2024',Rai,15/11/2024,https://www.youtube.com/watch?v=0s-U6TXMkVA,15-11-2024.jpg,"GRUPPO,CARTA,COPPIA,PIU GRANDE,IDEA,45.000"
La Ghigliottina - L'EreditÃ  14/11/2024',Rai,14/11/2024,https://www.youtube.com/watch?v=j-CI9elME2w,14-11-2024.jpg,"TERRA,FUOCO,LATINO,CAPODANNO,SCENA,46.250"
La Ghigliottina - L'EreditÃ  13/11/2024',Rai,13/11/2024,https://www.youtube.com/watch?v=6X6rDBH0xU4,13-11-2024.jpg,"FORESTA,VENTO,NAZIONALE,IMMAGINI,FARI,18.125"
La Ghigliottina - L'EreditÃ  12/11/2024',Rai,12/11/2024,https://www.youtube.com/watch?v=bsq1oPike78,12-11-2024.jpg,"MEGLIO,GIOCHI,BRUCIATA,ISOLA,PECCATO,47.500"
La Ghigliottina - L'EreditÃ  11/11/2024',Rai,11/11/2024,https://www.youtube.com/watch?v=zklGS4JBr-Y,11-11-2024.jpg,"CONFERMA,APPARIZIONE,NATURALE,FILA,BATTUTA,22.500"
La Ghigliottina - L'EreditÃ  10/11/2024',Rai,10/11/2024,https://www.youtube.com/watch?v=Jb6I99AJ6Y8,10-11-2024.jpg,"SPAZIO,SCOPO,CATTOLICA,IMPOSSIBILE,COMPIERE,77.500"
La Ghigliottina - L'EreditÃ  09/11/2024',Rai,09/11/2024,https://www.youtube.com/watch?v=Poius8_Za_s,09-11-2024.jpg,"PIZZA,BABY,CERA,RISO,OMBRA,50.000"
La Ghigliottina - L'EreditÃ  08/11/2024',Rai,08/11/2024,https://www.youtube.com/watch?v=tqxyhUy_jyQ,08-11-2024.jpg,"CARATTERE,MADRE,PROVA,QUATTRO STELLE,UDIENZA,12.500"
La Ghigliottina - L'EreditÃ  07/11/2024',Rai,07/11/2024,https://www.youtube.com/watch?v=3sWyeERif2c,07-11-2024.jpg,"BRUTTO,COSTUME,ANNI,PIU,QUATTRO,40.Uuu"
La Ghigliottina - L'EreditÃ  06/11/2024',Rai,06/11/2024,https://www.youtube.com/watch?v=o2gr07wC4XU,06-11-2024.jpg,"SALTARE,FUORI,PAROLE,MIKE,CONSEGNE,87.500"
La Ghigliottina - L'EreditÃ  05/11/2024',Rai,05/11/2024,https://www.youtube.com/watch?v=IIvECJOikKY,05-11-2024.jpg,"METTERE,RICERCA,FOTO,PARROCCHIALE,RAI,25.000"
La Ghigliottina - L'EreditÃ  04/11/2024',Rai,04/11/2024,https://www.youtube.com/watch?v=t4qffSSgJzk,04-11-2024.jpg,"LATINO,OPERA,TEMPO,LEGGENDA,BACIO,90.0uu"
La Ghigliottina - L'EreditÃ  03/11/2024',Rai,03/11/2024,https://www.youtube.com/watch?v=0WNGDSVRD00,03-11-2024.jpg,"GiOco,FUTURO,PRESA,PRIMA,NOTTURNA,21.250"
La Ghigliottina - L'EreditÃ  02/06/2024',Rai,02/06/2024,https://www.youtube.com/watch?v=taAx6qVv1uQ,02-06-2024.jpg,"FIGURA,CORRENTE,CONTA,RIVOLGERE,GRAZIE,20.000"
La Ghigliottina - L'EreditÃ  01/06/2024',Rai,01/06/2024,https://www.youtube.com/watch?v=ZO6bLC2QZS8,01-06-2024.jpg,"PERSONA,PROSSIMO,PROVA,MEDICO,INIEZIONE,4.063"
La Ghigliottina - L'EreditÃ  31/05/2024',Rai,31/05/2024,https://www.youtube.com/watch?v=46Txpi16fis,31-05-2024.jpg,"PIANTA,PIEDE,oCCHI,NASO,SPIRITO,42.500"
La Ghigliottina - L'EreditÃ  30/05/2024',Rai,30/05/2024,https://www.youtube.com/watch?v=SurgqKmReeg,30-05-2024.jpg,"FARE,ALTA,TAVOLINO,BIANCO,BIANCA,26.250"
La Ghigliottina - L'EreditÃ  29/05/2024',Rai,29/05/2024,https://www.youtube.com/watch?v=IVfML1fkZu8,29-05-2024.jpg,"CORRIDOIO,DESTRA,TENDE,MUSEO,TELEFONO,11.250"
La Ghigliottina - L'EreditÃ  28/05/2024',Rai,28/05/2024,https://www.youtube.com/watch?v=B-2gdvq2hOk,28-05-2024.jpg,"METTERE,FUORI,FORTE,ONORE,PRINCIPE,85.000"
La Ghigliottina - L'EreditÃ  27/05/2024',Rai,27/05/2024,https://www.youtube.com/watch?v=TnjJa02WfDQ,27-05-2024.jpg,"GIRO D'ITALIA,COLORI,SEXY,LA DOLCE VITA,LaSCiA 0 RADDOPPIA,10.625"
La Ghigliottina - L'EreditÃ  26/05/2024',Rai,26/05/2024,https://www.youtube.com/watch?v=jJcXsQ7wOLI,26-05-2024.jpg,"PENNA,DOLORE,ROSSO,MAGICO,FUNGO,23.750"
La Ghigliottina - L'EreditÃ  25/05/2024',Rai,25/05/2024,https://www.youtube.com/watch?v=VwauEWgsPrw,25-05-2024.jpg,"BAMBINO,MANDARE,CIBO,VIVO,CALCOLO,18.750"
La Ghigliottina - L'EreditÃ  24/05/2024',Rai,24/05/2024,https://www.youtube.com/watch?v=sO_vsf4zgnc,24-05-2024.jpg,"GUARDARE,PRINCIPALE,CENTRO,PERSONALE,OGGETTO,42.500"
La Ghigliottina - L'EreditÃ  23/05/2024',Rai,23/05/2024,https://www.youtube.com/watch?v=RBHxrkjDnRE,23-05-2024.jpg,"PARTITA,MERCATO,MONDO,MACCHINA,VATICANO,180.000"
La Ghigliottina - L'EreditÃ  22/05/2024',Rai,22/05/2024,https://www.youtube.com/watch?v=Y2HlJTTC1fc,22-05-2024.jpg,"ESSERE,SOTTO,BORSELLO,SOLA,VIOLA,11.250"
La Ghigliottina - L'EreditÃ  21/05/2024',Rai,21/05/2024,https://www.youtube.com/watch?v=OrWhLg5XVL4,21-05-2024.jpg,"FARE,PRIMA,RUBARE,PIEGA,SORPRESA,10.000"
La Ghigliottina - L'EreditÃ  20/05/2024',Rai,20/05/2024,https://www.youtube.com/watch?v=I2cJMrDgQII,20-05-2024.jpg,"TESTA,FINE,PRODUZIONE,MODELLO,PILOTA,75.000"
La Ghigliottina - L'EreditÃ  19/05/2024',Rai,19/05/2024,https://www.youtube.com/watch?v=YVOvivOA6es,19-05-2024.jpg,"ACQUA,VENTO,IMBROGLIONI,PIPISTRELLO,ATTRAVERSAMENTO,23.750"
La Ghigliottina - L'EreditÃ  18/05/2024',Rai,18/05/2024,https://www.youtube.com/watch?v=BH3auDjA3n0,18-05-2024.jpg,"SALTARE,BELLA,VITA,TENNIS,ORA,40.000"
La Ghigliottina - L'EreditÃ  17/05/2024',Rai,17/05/2024,https://www.youtube.com/watch?v=90ELEZ3PQ6g,17-05-2024.jpg,"VIA,SUPERIORE,GIGANTE,SENSIBILE,LEONE,45.000"
La Ghigliottina - L'EreditÃ  16/05/2024',Rai,16/05/2024,https://www.youtube.com/watch?v=NaO0wWAVGqA,16-05-2024.jpg,"COMUNE,VALLE,ROTOLI,RUSTICO,STADIO,21.250"
La Ghigliottina - L'EreditÃ  15/05/2024',Rai,15/05/2024,https://www.youtube.com/watch?v=ltcGTtjtLX4,15-05-2024.jpg,"TUTTO,NIENTE,MONDO,DISPOSIZIONE,SCOMPARE,20.000"
La Ghigliottina - L'EreditÃ  14/05/2024',Rai,14/05/2024,https://www.youtube.com/watch?v=uhYYb75HqQg,14-05-2024.jpg,"GENERALE,CALCIO,INQUADRATURA,NUMERO,TEATRO,21.250"
La Ghigliottina - L'EreditÃ  13/05/2024',Rai,13/05/2024,https://www.youtube.com/watch?v=4MRz6hnJu78,13-05-2024.jpg,"PAPA,LANCIO,FORTE,CIOCCOLATO,CORSO,90.000"
La Ghigliottina - L'EreditÃ  12/05/2024',Rai,12/05/2024,https://www.youtube.com/watch?v=-ZL_gqzrG1s,12-05-2024.jpg,"ANDARE,CASA,CAMPO,GRUPPO,LIBERA,47.500"
La Ghigliottina - L'EreditÃ  11/05/2024',Rai,11/05/2024,https://www.youtube.com/watch?v=m5K-GHf0XoI,11-05-2024.jpg,"INGRESSO,MONTAGNA,AUDIO,CODICE,SOLE,42.500"
La Ghigliottina - L'EreditÃ  10/05/2024',Rai,10/05/2024,https://www.youtube.com/watch?v=kInki2QwP-w,10-05-2024.jpg,"MATITA,CORPO,FESTA,LATINA,ROMPERE,37.500"
La Ghigliottina - L'EreditÃ  09/05/2024',Rai,09/05/2024,https://www.youtube.com/watch?v=-auHHsp45Zk,09-05-2024.jpg,"TEATRO,PIOGGIA,ZONA,CAMBIO,DOPPIO ZERO,42.500"
La Ghigliottina - L'EreditÃ  08/05/2024',Rai,08/05/2024,https://www.youtube.com/watch?v=ROsy41uQnBE,08-05-2024.jpg,"TENERE,SCARPE,PEDALE,CERCHIO,PONTE,47.500"
La Ghigliottina - L'EreditÃ  08/05/2024',Rai,08/05/2024,https://www.youtube.com/watch?v=P1q9PBBuuQY,08-05-2024.jpg,"TENERE,SCARPE,PEDALE,CERCHIO,PONTE,47.500"
La Ghigliottina - L'EreditÃ  07/05/2024',Rai,07/05/2024,https://www.youtube.com/watch?v=rYBfpo9Q8KM,07-05-2024.jpg,"PRENDERE,PEPERONE,PIATTO,RICORDO,AGNESE,90.000"
La Ghigliottina - L'EreditÃ  06/05/2024',Rai,06/05/2024,https://www.youtube.com/watch?v=5nFDIDou1hc,06-05-2024.jpg,"PRIMA,ELETTRICO,MESSA,CAUSA,PUBBLICO,23.750"
La Ghigliottina - L'EreditÃ  05/05/2024',Rai,05/05/2024,https://www.youtube.com/watch?v=3-yMR7EWxBQ,05-05-2024.jpg,"COMUNE,ROSSA,INDUSTRIA,SECONDA,MINORE,190.000"
La Ghigliottina - L'EreditÃ  04/05/2024',Rai,04/05/2024,https://www.youtube.com/watch?v=GzNuXLc3dXQ,04-05-2024.jpg,"ONDA,FORTE,CARICO,PROVARE,FREGATO,23.750"
La Ghigliottina - L'EreditÃ  03/05/2024',Rai,03/05/2024,https://www.youtube.com/watch?v=VkTvYqgYOgg,03-05-2024.jpg,"PIETRA,SALE,RACCOLTA,FILTRO,CORTA,45.U00"
La Ghigliottina - L'EreditÃ  02/05/2024',Rai,02/05/2024,https://www.youtube.com/watch?v=fIwYLTaqMmA,02-05-2024.jpg,"CHIEDERE,SALITA,AVVIAMENTO,LATTINA,AFFRESCO,42.500"
La Ghigliottina - L'EreditÃ  01/05/2024',Rai,01/05/2024,https://www.youtube.com/watch?v=aW5ui8Qo7V0,01-05-2024.jpg,"RIFARE,SBAGLIATO,INFINITO,SERA,Non C'e,100.0u0"
La Ghigliottina - L'EreditÃ  30/04/2024',Rai,30/04/2024,https://www.youtube.com/watch?v=0Qv-pqKH1cI,30-04-2024.jpg,"COLORI,LOCALE,CASA,MEZZO,CARTELLA,45.000"
La Ghigliottina - L'EreditÃ  29/04/2024',Rai,29/04/2024,https://www.youtube.com/watch?v=CKyExv6uhOE,29-04-2024.jpg,"INDUSTRIALE,ACCIAIO,CANE,DANZA,CUCINA,47.500"
La Ghigliottina - L'EreditÃ  28/04/2024',Rai,28/04/2024,https://www.youtube.com/watch?v=2q4cF0QpbCg,28-04-2024.jpg,"Eredita,PRIVATO,APERTO,Eye,AGIRE,GROSSO,SCALETTA,20.000"
La Ghigliottina - L'EreditÃ  27/04/2024',Rai,27/04/2024,https://www.youtube.com/watch?v=M2it3JFdHS4,27-04-2024.jpg,"POSTO,SPAZIO,PROSSIMA,VELOCITA,SEMPLICE,42.500"
La Ghigliottina - L'EreditÃ  26/04/2024',Rai,26/04/2024,https://www.youtube.com/watch?v=vM1riwfeuAQ,26-04-2024.jpg,"METTERE,COMUNE,POCO,VENDITA,GESTIONE,150.000"
La Ghigliottina - L'EreditÃ  25/04/2024',Rai,25/04/2024,https://www.youtube.com/watch?v=TfUVRUk9FFA,25-04-2024.jpg,"ACQUA,SCALA,INVERSIONE,MISURARE,FORNO,37.500"
La Ghigliottina - L'EreditÃ  24/04/2024',Rai,24/04/2024,https://www.youtube.com/watch?v=Op4mY-5xjBo,24-04-2024.jpg,"OCCHI,DITO,ENRICO RUGGERI,SAPONE,STELLE,21.250"
La Ghigliottina - L'EreditÃ  23/04/2024',Rai,23/04/2024,https://www.youtube.com/watch?v=6wbRNFD2DF4,23-04-2024.jpg,"CURA,ETÃ,TRE,VECCHIO,50.000"
La Ghigliottina - L'EreditÃ  22/04/2024',Rai,22/04/2024,https://www.youtube.com/watch?v=98WUboQn0P0,22-04-2024.jpg,"SEDUTO,NOTTE,COLOR,VIENNESE,GELATO,11.875"
La Ghigliottina - L'EreditÃ  21/04/2024',Rai,21/04/2024,https://www.youtube.com/watch?v=QnNQniP-pL8,21-04-2024.jpg,"VUOTo,OSPITE,PENSIERO,APPARECCHIO,MENSILE,40.000"
La Ghigliottina - L'EreditÃ  20/04/2024',Rai,20/04/2024,https://www.youtube.com/watch?v=4-mFst3JDDY,20-04-2024.jpg,"CAMBIO,SORPRESA,Gioco,CHIUSA,RICORDI,45.000"
La Ghigliottina - L'EreditÃ  19/04/2024',Rai,19/04/2024,https://www.youtube.com/watch?v=zgNwtXcXtK8,19-04-2024.jpg,"MUSICA,PESANTE,ROMANZO,LUCI,SINISTRA,95.Uu0"
La Ghigliottina - L'EreditÃ  18/04/2024',Rai,18/04/2024,https://www.youtube.com/watch?v=rtcgLrtRPis,18-04-2024.jpg,"NORD,SPAGHETTI,BRINDISI,FUGA,BACIO,5.Ouo"
La Ghigliottina - L'EreditÃ  17/04/2024',Rai,17/04/2024,https://www.youtube.com/watch?v=JBNpV-8XQhM,17-04-2024.jpg,"TELECAMERE,INTELLIGENTE,BINARI,FERMO,TRE TEMPI,45.000"
La Ghigliottina - L'EreditÃ  16/04/2024',Rai,16/04/2024,https://www.youtube.com/watch?v=-Yw9ZgEozLQ,16-04-2024.jpg,"VIAGGIO,SAPERE,LAVORO,VESTITO,SENSO,105.U0o"
La Ghigliottina - L'EreditÃ  15/04/2024',Rai,15/04/2024,https://www.youtube.com/watch?v=ClFerQRqVlQ,15-04-2024.jpg,"RECENTE,PERSONALE,MARCIA,CONTRATTO,TITOLARE,45.000"
La Ghigliottina - L'EreditÃ  14/04/2024',Rai,14/04/2024,https://www.youtube.com/watch?v=02BNQyR4AEc,14-04-2024.jpg,"SPIAGGIA,DAVANTI,FORZA,LINEA,CARLO,23.750"
La Ghigliottina - L'EreditÃ  13/04/2024',Rai,13/04/2024,https://www.youtube.com/watch?v=eH92Ts-4OJM,13-04-2024.jpg,"VERDE,MEDIO,POLARE,PRIGIONE,AZIONE,23.750"
La Ghigliottina - L'EreditÃ  12/04/2024',Rai,12/04/2024,https://www.youtube.com/watch?v=X8sPGtkerkw,12-04-2024.jpg,"SOTTO,OGGETTO,TESTO,SOMMARIO,STATO,25.000"
La Ghigliottina - L'EreditÃ  11/04/2024',Rai,11/04/2024,https://www.youtube.com/watch?v=7uK1QjUwzSg,11-04-2024.jpg,"PLASTICA,BELLA,TRAFFICO,SMERALDO,FELICE,11.875"
La Ghigliottina - L'EreditÃ  10/04/2024',Rai,10/04/2024,https://www.youtube.com/watch?v=7bKO5TZahDM,10-04-2024.jpg,"FUORI,PRENDERE,DEBOLE,PUNTA,REGISTRO,85.000"
La Ghigliottina - L'EreditÃ  09/04/2024',Rai,09/04/2024,https://www.youtube.com/watch?v=19slsrsQAj4,09-04-2024.jpg,"DISCO,BASSO,CHIARO,TASCA,BAGNO,42.500"
La Ghigliottina - L'EreditÃ  08/04/2024',Rai,08/04/2024,https://www.youtube.com/watch?v=A0N6yOyNLas,08-04-2024.jpg,"SCIENTIFICO,LEGGE,FATTO,DIRITTO,FALSO,85.U00"
La Ghigliottina - L'EreditÃ  07/04/2024',Rai,07/04/2024,https://www.youtube.com/watch?v=Ah5xPsnm-QY,07-04-2024.jpg,"POVERO,ACQUA,PROFESSORE,GABRIELLA CARLUCCI,FARINA,40.000"
La Ghigliottina - L'EreditÃ  06/04/2024',Rai,06/04/2024,https://www.youtube.com/watch?v=YFyBvKJjcIU,06-04-2024.jpg,"SECONDO,CORSA,DIVIETO,COTTURA,NOBILE,47.500"
La Ghigliottina - L'EreditÃ  05/04/2024',Rai,05/04/2024,https://www.youtube.com/watch?v=0EuQWN0ZVec,05-04-2024.jpg,"PARLATO,VERO,OLIO,GRUPPO,SUO PADRE,25.000"
La Ghigliottina - L'EreditÃ  04/04/2024',Rai,04/04/2024,https://www.youtube.com/watch?v=ltXLhSkIsw4,04-04-2024.jpg,"SALUTI,MODI,MAESTRA,WEST,ROSSO,12.500"
La Ghigliottina - L'EreditÃ  03/04/2024',Rai,03/04/2024,https://www.youtube.com/watch?v=aaJKQiQgm-U,03-04-2024.jpg,"BELLEZZA,PRIMO,BOCCA,CERA,ANNI,45.000"
La Ghigliottina - L'EreditÃ  02/04/2024',Rai,02/04/2024,https://www.youtube.com/watch?v=lz6PgMOWTyc,02-04-2024.jpg,"PUBBLICO,ITALIANA,INVERNO,OLTRE,SALOTTO,180.000"
La Ghigliottina - L'EreditÃ  01/04/2024',Rai,01/04/2024,https://www.youtube.com/watch?v=aC5XMKG4CLQ,01-04-2024.jpg,"PARI,MoTIVI,IDEE,FINALE,GALASSIE,50.Uuu"
La Ghigliottina - L'EreditÃ  30/03/2024',Rai,30/03/2024,https://www.youtube.com/watch?v=AWcoczxFRF0,30-03-2024.jpg,"CALORE,TRENO,GHIACCIO,VETRO,CLOWN,95.000"
La Ghigliottina - L'EreditÃ  29/03/2024',Rai,29/03/2024,https://www.youtube.com/watch?v=JnZ_fVCDXkM,29-03-2024.jpg,"TEMPO,ABITO,RETE,TESSUTO,BELLO,47.500"
La Ghigliottina - L'EreditÃ  28/03/2024',Rai,28/03/2024,https://www.youtube.com/watch?v=mAnOB7XokEY,28-03-2024.jpg,"BAMBINI,CORTE,DANZA,MASSIMO,TENDA,21.250"
La Ghigliottina - L'EreditÃ  27/03/2024',Rai,27/03/2024,https://www.youtube.com/watch?v=KhlCR1TyJxo,27-03-2024.jpg,"ENTRARE,MATERIA,BENE,PIENO,PALLA,11.875"
La Ghigliottina - L'EreditÃ  26/03/2024',Rai,26/03/2024,https://www.youtube.com/watch?v=GauNI3t4Tvw,26-03-2024.jpg,"ORO,VAPORE,PORTA,OBBLIGO,METTERE,42.500"
La Ghigliottina - L'EreditÃ  25/03/2024',Rai,25/03/2024,https://www.youtube.com/watch?v=8tdWN17dxJI,25-03-2024.jpg,"ESEMPIO,PATTINI,CENACOLO,DONNA,DOLCI,45.000"
La Ghigliottina - L'EreditÃ  24/03/2024',Rai,24/03/2024,https://www.youtube.com/watch?v=9t3HM4IaAf4,24-03-2024.jpg,"DOMANDE,CAVALLO,CUCINA,CAMBIARE,SPAZZOLE,9.375"
La Ghigliottina - L'EreditÃ  23/03/2024',Rai,23/03/2024,https://www.youtube.com/watch?v=rZSiWPWfplY,23-03-2024.jpg,"PIZZA,ROSSO,CRUDO,ROMANZO,INVESTIRE,47.500"
La Ghigliottina - L'EreditÃ  22/03/2024',Rai,22/03/2024,https://www.youtube.com/watch?v=DF5zVe_-DWk,22-03-2024.jpg,"GRANDE,DEBITO,RAGIONE,PESANTE,CURA,85.000"
La Ghigliottina - L'EreditÃ  21/03/2024',Rai,21/03/2024,https://www.youtube.com/watch?v=yrhvkkeXJdw,21-03-2024.jpg,"VENIRE,ALTO,MANO,CAPELLI,QUATTRO,85.000"
La Ghigliottina - L'EreditÃ  20/03/2024',Rai,20/03/2024,https://www.youtube.com/watch?v=uOz0WNaeZX8,20-03-2024.jpg,"EMOZIONE,VINCERE,ATTESA,BARBA,RESTO,20.000"
La Ghigliottina - L'EreditÃ  19/03/2024',Rai,19/03/2024,https://www.youtube.com/watch?v=soWCecp9T-Y,19-03-2024.jpg,"MILANO,STAGIONE,PIANO,MESSA,PRIMA,50.000"
La Ghigliottina - L'EreditÃ  18/03/2024',Rai,18/03/2024,https://www.youtube.com/watch?v=vBfVfbUfNbM,18-03-2024.jpg,"DECOLLO,PALCO,CUORE,TESTA,MEMORIA,75.000"
La Ghigliottina - L'EreditÃ  17/03/2024',Rai,17/03/2024,https://www.youtube.com/watch?v=RAbKHXMSvTs,17-03-2024.jpg,"COMUNE,PERSONALE,PUBBLICO,NERVI,PROGRAMMA,5.625"
La Ghigliottina - L'EreditÃ  15/03/2024',Rai,15/03/2024,https://www.youtube.com/watch?v=yJmikvHUEVQ,15-03-2024.jpg,"NERO,BASTA,DIVISA,PREZZO,OSCURA,90.000"
La Ghigliottina - L'EreditÃ  14/03/2024',Rai,14/03/2024,https://www.youtube.com/watch?v=m_GFjptHWcE,14-03-2024.jpg,"FIGLIO,PUNTA,SECONDO,BASE,SCALA,28.750"
La Ghigliottina - L'EreditÃ  13/03/2024',Rai,13/03/2024,https://www.youtube.com/watch?v=Xru-XxitUDM,13-03-2024.jpg,"PUNTO,GIORNO,MARE,UNICO,DOCCIA,42.500"
La Ghigliottina - L'EreditÃ  12/03/2024',Rai,12/03/2024,https://www.youtube.com/watch?v=7kHzEq5rA0k,12-03-2024.jpg,"OPERA,VOLO,PURA,FRUTTO,MUSICALE,37.500"
La Ghigliottina - L'EreditÃ  11/03/2024',Rai,11/03/2024,https://www.youtube.com/watch?v=liMYxIhu2j0,11-03-2024.jpg,"TEMPO,ACCORDO,CORPO,EQUILIBRIO,SILENZIO,47.500"
La Ghigliottina - L'EreditÃ  10/03/2024',Rai,10/03/2024,https://www.youtube.com/watch?v=katkzslgfBs,10-03-2024.jpg,"ACQUA,SCHIUMA,ELETTRONICA,GELATO,PACE,23.750"
La Ghigliottina - L'EreditÃ  09/03/2024',Rai,09/03/2024,https://www.youtube.com/watch?v=2ln1xswiNQE,09-03-2024.jpg,"RESISTENZA,PENSIERO,CONSONANTE,AVERE,LATO,95.000"
La Ghigliottina - L'EreditÃ  08/03/2024',Rai,08/03/2024,https://www.youtube.com/watch?v=lhRqmQUex5A,08-03-2024.jpg,"DATA,FAVOLA,ANDARE,INVITI,DIAMANTE,11.250"
La Ghigliottina - L'EreditÃ  07/03/2024',Rai,07/03/2024,https://www.youtube.com/watch?v=6Q_4w3TZLIM,07-03-2024.jpg,"CANTANTE,BUONA,ELETTRICA,STABILE,ANIMALE,20.000"
La Ghigliottina - L'EreditÃ  06/03/2024',Rai,06/03/2024,https://www.youtube.com/watch?v=zI2zArUwXAM,06-03-2024.jpg,"CASA,QUALITA,MASSA,FILO,FRITTA,5.313"
La Ghigliottina - L'EreditÃ  05/03/2024',Rai,05/03/2024,https://www.youtube.com/watch?v=5g8RMrel648,05-03-2024.jpg,"CARICO,MIO,ASPETTARE,ARTE,TEMPI,22.500"
La Ghigliottina - L'EreditÃ  04/03/2024',Rai,04/03/2024,https://www.youtube.com/watch?v=mcpihSqBi_c,04-03-2024.jpg,"MONETA,COLORE,ANTICO,TENERO,CERCHI,90.000"
La Ghigliottina - L'EreditÃ  03/03/2024',Rai,03/03/2024,https://www.youtube.com/watch?v=unI75_cfAC0,03-03-2024.jpg,"MACCHINA,AGIRE,ERRORE,LAVAGNA,SPESE,85.000"
La Ghigliottina - L'EreditÃ  02/03/2024',Rai,02/03/2024,https://www.youtube.com/watch?v=z9O6vViUorY,02-03-2024.jpg,"SPEDIZIONE,FRANCESE,BACIO,oSSO,DAMIGIANA,20.000"
La Ghigliottina - L'EreditÃ  01/03/2024',Rai,01/03/2024,https://www.youtube.com/watch?v=XMyqp8macEY,01-03-2024.jpg,"FERMO,PARLARE,BATTUTA,CAMBIO,CAMPIONATO,95.000"
La Ghigliottina - L'EreditÃ  29/02/2024',Rai,29/02/2024,https://www.youtube.com/watch?v=u0JhelA74t8,29-02-2024.jpg,"CARATTERE,CONto,DIPINTO,CHIARO,CORRERE,200.0u0"
La Ghigliottina - L'EreditÃ  28/02/2024',Rai,28/02/2024,https://www.youtube.com/watch?v=x2uArpGoqxg,28-02-2024.jpg,"TERRA,VENTO,NUOVA,TUA,PIACERE,23.750"
La Ghigliottina - L'EreditÃ  27/02/2024',Rai,27/02/2024,https://www.youtube.com/watch?v=2eBMeD-PmUY,27-02-2024.jpg,"NAVE,FINTA,DECISIONE,ACCENNO,BALENA,10.625"
La Ghigliottina - L'EreditÃ  26/02/2024',Rai,26/02/2024,https://www.youtube.com/watch?v=64rAqJCOF9I,26-02-2024.jpg,"GUIDA,SCORSA,CODA,RISPOSTA,SUCCESSIONE,20.000"
La Ghigliottina - L'EreditÃ  25/02/2024',Rai,25/02/2024,https://www.youtube.com/watch?v=4bQ1kgDX-Vo,25-02-2024.jpg,"SEGRETEZZA,GENERALE,CONCORSO,TESTA,LIBRI,25.000"
La Ghigliottina - L'EreditÃ  24/02/2024',Rai,24/02/2024,https://www.youtube.com/watch?v=FNjV9vaQdMo,24-02-2024.jpg,"AUTORITA,EMOJI,MUOVERE,FRONTE,MEDITERRANEO,10.000"
La Ghigliottina - L'EreditÃ  23/02/2024',Rai,23/02/2024,https://www.youtube.com/watch?v=BuZSWXRDcMc,23-02-2024.jpg,"OGGI,TROVARE,COPPA,ITALIANI,ZIO,45.000"
La Ghigliottina - L'EreditÃ  22/02/2024',Rai,22/02/2024,https://www.youtube.com/watch?v=rs4wU9oHwtU,22-02-2024.jpg,"LAVORI,SCELTE,CORSO,AUDIO,FIRMARE,23.750"
La Ghigliottina - L'EreditÃ  21/02/2024',Rai,21/02/2024,https://www.youtube.com/watch?v=fufk2l_eCNU,21-02-2024.jpg,"PENALITA,MILLE,SU,BASSO,BRUTTI,25.Uu0"
La Ghigliottina - L'EreditÃ  20/02/2024',Rai,20/02/2024,https://www.youtube.com/watch?v=7cnYDu_SYQ0,20-02-2024.jpg,"CULTURA,ORDINE,NON SONO,NOBILTA,ZERO,10.625"
La Ghigliottina - L'EreditÃ  19/02/2024',Rai,19/02/2024,https://www.youtube.com/watch?v=8WPXdNFJBYg,19-02-2024.jpg,"METRO,CHIAVE,MENTALE,ALTARE,STELLE,40.000"
La Ghigliottina - L'EreditÃ  18/02/2024',Rai,18/02/2024,https://www.youtube.com/watch?v=SjsUWg5npJk,18-02-2024.jpg,"COSA,FATTO,RUMORE,SCOMMESSA,BUONO,42.500"
La Ghigliottina - L'EreditÃ  17/02/2024',Rai,17/02/2024,https://www.youtube.com/watch?v=UC67ppygyDs,17-02-2024.jpg,"REGALO,RICHIESTA,PRIMA,VITA,INSEGNA,10.000"
La Ghigliottina - L'EreditÃ  16/02/2024',Rai,16/02/2024,https://www.youtube.com/watch?v=-MLIWD0SXfA,16-02-2024.jpg,"VENDERE,IMPERMEABILE,METRO,TENDE,BAMBOLA,10.625"
La Ghigliottina - L'EreditÃ  15/02/2024',Rai,15/02/2024,https://www.youtube.com/watch?v=hkfmdR3dBGA,15-02-2024.jpg,"CiTta,SCALA,VALENTINO,PIANTA,BUGIE,23.750"
La Ghigliottina - L'EreditÃ  14/02/2024',Rai,14/02/2024,https://www.youtube.com/watch?v=Bmb8Hg5ZZbA,14-02-2024.jpg,"CARCIOFI,SAPERE,NASO,DIRITTO,VITE,80.000"
La Ghigliottina - L'EreditÃ  10/02/2024',Rai,10/02/2024,https://www.youtube.com/watch?v=ZmljzXs_NFI,10-02-2024.jpg,"POLLO,SBAGLIATO,ROMANO,TAGLIO,VENERE,40.000"
La Ghigliottina - L'EreditÃ  12/02/2024',Rai,12/02/2024,https://www.youtube.com/watch?v=0H7qMqU9mtU,12-02-2024.jpg,"PIETRA,BUCHI,ACCIAIO,NATURALE,ANIMALE,105.Uoo"
La Ghigliottina - L'EreditÃ  09/02/2024',Rai,09/02/2024,https://www.youtube.com/watch?v=i0R89FtXs_Y,09-02-2024.jpg,"VIVERE,PIENO,CONTROLLO,PENSIERI,STUDI,90.000"
La Ghigliottina - L'EreditÃ  08/02/2024',Rai,08/02/2024,https://www.youtube.com/watch?v=sLgcNctYD4Y,08-02-2024.jpg,"MESSA,VETRO,LINGUA,CALORE,TRASPORTO,47.500"
La Ghigliottina - L'EreditÃ  07/02/2024',Rai,07/02/2024,https://www.youtube.com/watch?v=Y0LG-G4rO8o,07-02-2024.jpg,"ASCENSORE,SCHIACCIARE,TAMBURO,SPIA,FILO,47.500"
La Ghigliottina - L'EreditÃ  06/02/2024',Rai,06/02/2024,https://www.youtube.com/watch?v=VXZr-CyV-w0,06-02-2024.jpg,"PRONTA,GIRO,LOTTA,CARICO,INTELLIGENTE,105.00o"
La Ghigliottina - L'EreditÃ  05/02/2024',Rai,05/02/2024,https://www.youtube.com/watch?v=l_QSHX5igjI,05-02-2024.jpg,"FANTASMA,MURO,NEVE,ESAME,PACCO,11.250"
La Ghigliottina - L'EreditÃ  04/02/2024',Rai,04/02/2024,https://www.youtube.com/watch?v=968_3VmKXBk,04-02-2024.jpg,"AFFARI,BLU,CAMICIA,ARABA,TONDA,21.250"
La Ghigliottina - L'EreditÃ  03/02/2024',Rai,03/02/2024,https://www.youtube.com/watch?v=YVz_tAuLvAE,03-02-2024.jpg,"APRIRE,BERRETTO,MATRIMONIO,FUORI,FOTO,47.500"
La Ghigliottina - L'EreditÃ  02/02/2024',Rai,02/02/2024,https://www.youtube.com/watch?v=Hv0cnvMjx90,02-02-2024.jpg,"METTERE,CARTA,PAROLE,CAMERA,AMANTE,85.000"
La Ghigliottina - L'EreditÃ  01/02/2024',Rai,01/02/2024,https://www.youtube.com/watch?v=DMMGHk-DMww,01-02-2024.jpg,"VERDE,SERALE,ORECCHIE,COSTIERA,BEBE,80.000"
La Ghigliottina - L'EreditÃ  31/01/2024',Rai,31/01/2024,https://www.youtube.com/watch?v=aTElI6ChAA0,31-01-2024.jpg,"DETERGENTE,MERCATO,FIRMA,SETE,SUPER,5.625"
La Ghigliottina - L'EreditÃ  30/01/2024',Rai,30/01/2024,https://www.youtube.com/watch?v=98goP_QBaNU,30-01-2024.jpg,"SALTO,PROSCIUTTO,GHIACCIO,ORECCHINI,ARTIFICIALE,22.500"
La Ghigliottina - L'EreditÃ  29/01/2024',Rai,29/01/2024,https://www.youtube.com/watch?v=Vmi5Ya8YbJg,29-01-2024.jpg,"TAVOLO,INIZIO,PROMESSA,SEDERE,FORTUNA,22.500"
La Ghigliottina - L'EreditÃ  27/01/2024',Rai,27/01/2024,https://www.youtube.com/watch?v=APZdq6BoB8o,27-01-2024.jpg,"NATURA,PARLARE,IN ME,VECCHIO,VOLTO,22.500"
La Ghigliottina - L'EreditÃ  28/01/2024',Rai,28/01/2024,https://www.youtube.com/watch?v=20zsAfYUOZ4,28-01-2024.jpg,"PRENDERE,NOBILI,ACCORDO,Gioco,MILIONE,20.000"
La Ghigliottina - L'EreditÃ  26/01/2024',Rai,26/01/2024,https://www.youtube.com/watch?v=DBBHDHeGyw0,26-01-2024.jpg,"LASCIARE,MANO,PASSAGGIO,CAMPIONE,RECUPERO,45.000"
La Ghigliottina - L'EreditÃ  25/01/2024',Rai,25/01/2024,https://www.youtube.com/watch?v=vP62eCVo9j0,25-01-2024.jpg,"MONDO,LEGNO,EDICOLA,TEMPORALE,CERNIERA,47.500"
La Ghigliottina - L'EreditÃ  24/01/2024',Rai,24/01/2024,https://www.youtube.com/watch?v=sOMAYNoZrsI,24-01-2024.jpg,"UOMO,SOTTO,VEDERE,TRE,CALENDARIO,10.625"
La Ghigliottina - L'EreditÃ  23/01/2024',Rai,23/01/2024,https://www.youtube.com/watch?v=SY2-HJYg4ZI,23-01-2024.jpg,"FERMO,MULTIPLO,RUBATO,FINALE,PENNA,95.000"
La Ghigliottina - L'EreditÃ  22/01/2024',Rai,22/01/2024,https://www.youtube.com/watch?v=0RFS7vfW-ro,22-01-2024.jpg,"BASE,PRODOTTO,PROFONDITA,AGENZIA,CANNA,40.0uu"
La Ghigliottina - L'EreditÃ  21/01/2024',Rai,21/01/2024,https://www.youtube.com/watch?v=V1xc1CQUAI0,21-01-2024.jpg,"SPADA,METODO,CIELO,NASTRO,LUMINOSA,22.500"
La Ghigliottina - L'EreditÃ  20/01/2024',Rai,20/01/2024,https://www.youtube.com/watch?v=mia9pJYxaL4,20-01-2024.jpg,"APERTO,TERMINI,COMUNE,SOLDI,FALSO,170.000"
La Ghigliottina - L'EreditÃ  19/01/2024',Rai,19/01/2024,https://www.youtube.com/watch?v=EVYVIJoLBqo,19-01-2024.jpg,"POPOLO,PARENTI,DOMICILIO,SARO,TERRITORIO,21.250"
La Ghigliottina - L'EreditÃ  18/01/2024',Rai,18/01/2024,https://www.youtube.com/watch?v=LSIbfxzQdg0,18-01-2024.jpg,"PARTIRE,MENTE,STUDI,SPOSO,ROSA,45.U00"
La Ghigliottina - L'EreditÃ  18/01/2024',Rai,18/01/2024,https://www.youtube.com/watch?v=4gGdrArb3iM,18-01-2024.jpg,"PARTIRE,MENTE,STUDI,SPOSO,ROSA,45.U00"
La Ghigliottina - L'EreditÃ  18/01/2024',Rai,18/01/2024,https://www.youtube.com/watch?v=dy9seu9ZvrQ,18-01-2024.jpg,"PARTIRE,MENTE,STUDI,SPOSO,ROSA,45.U00"
La Ghigliottina - L'EreditÃ  17/01/2024',Rai,17/01/2024,https://www.youtube.com/watch?v=aGuiKxEh100,17-01-2024.jpg,"GRUPPO,ESPERTO,MEMORIA,CILINDRO,NATURALE,90.000"
La Ghigliottina - L'EreditÃ  16/01/2024',Rai,16/01/2024,https://www.youtube.com/watch?v=7KiAlgMQQmM,16-01-2024.jpg,"METTERE,VOLUME,DIRETTA,10 SONO,SCOPERTO,20.000"
La Ghigliottina - L'EreditÃ  15/01/2024',Rai,15/01/2024,https://www.youtube.com/watch?v=UBT5ItynEe8,15-01-2024.jpg,"LIBRO,SERVIZIO,ACCIAIO,COMUNE,COLLO,47.500"
La Ghigliottina - L'EreditÃ  14/01/2024',Rai,14/01/2024,https://www.youtube.com/watch?v=Er5Pr2uD5Yg,14-01-2024.jpg,"INSIEME,RITORNO,POTERE,SACCO,POSTO,190.000"
La Ghigliottina - L'EreditÃ  13/01/2024',Rai,13/01/2024,https://www.youtube.com/watch?v=oIPKf9_vJCA,13-01-2024.jpg,"FONDO,SAN VITO,BARBE,NOVELLA,BOYS,21.250"
La Ghigliottina - L'EreditÃ  12/01/2024',Rai,12/01/2024,https://www.youtube.com/watch?v=40EPMXKBdTQ,12-01-2024.jpg,"ROSARIO,SOLITA,SCUOLA,SOGGETTO,PAPPAGALLO,90.0uu"
La Ghigliottina - L'EreditÃ  11/01/2024',Rai,11/01/2024,https://www.youtube.com/watch?v=unL4FaHBZqc,11-01-2024.jpg,"ARTICOLO,RIPRENDERE,TENDENZA,TONO,BAGNO,10.625"
La Ghigliottina - L'EreditÃ  11/01/2024',Rai,11/01/2024,https://www.youtube.com/watch?v=11792_DabN8,11-01-2024.jpg,"ARTICOLO,RIPRENDERE,TENDENZA,TONO,BAGNO,10.625"
La Ghigliottina - L'EreditÃ  10/01/2024',Rai,10/01/2024,https://www.youtube.com/watch?v=2Z7-fmsi0J0,10-01-2024.jpg,"SECCO,CARTE,Z4,LUCE,BARCA,SCIENZA,40.0uu"
La Ghigliottina - L'EreditÃ  09/01/2024',Rai,09/01/2024,https://www.youtube.com/watch?v=sIs5AGXJi0c,09-01-2024.jpg,"FUOCO,CORONA,GEL,PERDERE,MANO,85.000"
La Ghigliottina - L'EreditÃ  08/01/2024',Rai,08/01/2024,https://www.youtube.com/watch?v=YMs-hrjQXGE,08-01-2024.jpg,"MASSAGGIO,COTTo,PITTURA,FORESTA,LUNA,20.000"
La Ghigliottina - L'EreditÃ  06/01/2024',Rai,06/01/2024,https://www.youtube.com/watch?v=PZXxf5USNLE,06-01-2024.jpg,"SCI,SALTARE,ABITO,POLEMICHE,STAMPA,22.500"
La Ghigliottina - L'EreditÃ  07/01/2024',Rai,07/01/2024,https://www.youtube.com/watch?v=h636vO1PPxw,07-01-2024.jpg,"TENERE,DI TUTTO,FERMO,BANDIERA,RACCOLTA,95.000"
La Ghigliottina - L'EreditÃ  05/01/2024',Rai,05/01/2024,https://www.youtube.com/watch?v=Qhgl5_7zMI4,05-01-2024.jpg,"TRE,FISSARE,AMICO,SOSPETTO,Conti,40.000"
La Ghigliottina - L'EreditÃ  04/01/2024',Rai,04/01/2024,https://www.youtube.com/watch?v=tC9EYPXh9AQ,04-01-2024.jpg,"VIAGGIO,VERDI,LEGGERE,REGIA,BLOCCO,37.500"
La Ghigliottina - L'EreditÃ  03/01/2024',Rai,03/01/2024,https://www.youtube.com/watch?v=PxCbavhT4xM,03-01-2024.jpg,"PREMI,PULITO,FRUTTO,CORTO,ELETTRONICO,11.250"
L'EreditÃ  - La Ghigliottina 02/01/2024',Rai,02/01/2024,https://www.youtube.com/watch?v=Jr9EIw076O0,02-01-2024.jpg,"PESCE,ASSOLUTO,VIOLINO,CLASSE,CANTO,20.000"
L'EreditÃ  - La Ghigliottina 18/06/2023',Rai,18/06/2023,https://www.youtube.com/watch?v=qJCviVtVsz4,18-06-2023.jpg,"MOTORINO,TuTTI,BAMBINA,SONO I0,CORE,85.000"
L'EreditÃ  - La Ghigliottina 17/06/2023',Rai,17/06/2023,https://www.youtube.com/watch?v=iuiA4dwlQnI,17-06-2023.jpg,"MODA,INTERNO,SPECCHIO,GOCCIA,LUPO,21.250"
L'EreditÃ  - La Ghigliottina 16/06/2023',Rai,16/06/2023,https://www.youtube.com/watch?v=9e9fBEE7-WE,16-06-2023.jpg,"FIANCHI,TEATRO,SCENDERE,GIOSAFAT,NILO,42.500"
L'EreditÃ  - La Ghigliottina 14/06/2023',Rai,14/06/2023,https://www.youtube.com/watch?v=70r1JLLle8k,14-06-2023.jpg,"PAGAMENTO,PRODUZIONE,ANDERSEN,ETERNO,PARTITA,25.000"
La Ghigliottina -  L'EreditÃ  12/06/2023',Rai,12/06/2023,https://www.youtube.com/watch?v=m8fzWzeSf08,12-06-2023.jpg,"SASSO,BRUCIA,LEONE,LATTE,BUONA,23.750"
L'EreditÃ  - La Ghigliottina 04/06/2023',Rai,04/06/2023,https://www.youtube.com/watch?v=0Jp9lLABv6Q,04-06-2023.jpg,"ARIA,VESTITO,CIVILE,PASSATA,FISSA,45.000"
L'EreditÃ  - La Ghigliottina 31/05/2023',Rai,31/05/2023,https://www.youtube.com/watch?v=3-cKtJNeGpM,31-05-2023.jpg,"ISOLA,VITTORIA,CIVILTÃ,FAR L'AMORE,PROFONDITA,22.500"
L'EreditÃ  - La Ghigliottina 29/05/2023',Rai,29/05/2023,https://www.youtube.com/watch?v=_-glScCLuJQ,29-05-2023.jpg,"DONNA,ARTICOLO,SOCIETÃ,FILM,7818an ,PROVA,40.0u0"
L'EreditÃ  - La Ghigliottina 27/05/2023',Rai,27/05/2023,https://www.youtube.com/watch?v=CjjZPgczdrE,27-05-2023.jpg,"FATTO,LASCIARE,FUORI,TESTA-SPALLA,CENA,45.000"
L'EreditÃ  - La Ghigliottina 26/05/2023',Rai,26/05/2023,https://www.youtube.com/watch?v=60dvstJfo_Q,26-05-2023.jpg,"SOTTO,FIGLIO,ROSSO,ULTIME,MARITO,11.875"
L'EreditÃ  - La Ghigliottina 24/05/2023',Rai,24/05/2023,https://www.youtube.com/watch?v=pHWH0miDxiQ,24-05-2023.jpg,"CARTA,PATRIZIA,UNO,GRUPPO,AFFARI,8.750"
L'EreditÃ  - La Ghigliottina 23/05/2023',Rai,23/05/2023,https://www.youtube.com/watch?v=BnF-7WflK8M,23-05-2023.jpg,"VOLARE,GIRO,MEDIOEVO,TACCO,LIVELLO,85.U00"
L'EreditÃ  - La Ghigliottina 19/05/2023',Rai,19/05/2023,https://www.youtube.com/watch?v=tkruiIbmtcA,19-05-2023.jpg,"SVILUPPO,SEGNO,MENTIRE,DOLCE VITA,LAVORO,80.000"
L'EreditÃ  - La Ghigliottina 15/05/2023',Rai,15/05/2023,https://www.youtube.com/watch?v=MmBtTcgCFIk,15-05-2023.jpg,"CURA,GUADAGNARE,PREZZO,MONDO,Gioco,26.250"
L'EreditÃ  - La Ghigliottina 14/05/2023',Rai,14/05/2023,https://www.youtube.com/watch?v=lu9-ieWPRI4,14-05-2023.jpg,"PROVARE,TEATRO,AUTORE,LANCIO,BASE,190.000"
L'EreditÃ  - La Ghigliottina 12/05/2023',Rai,12/05/2023,https://www.youtube.com/watch?v=RqPxDHI7l1s,12-05-2023.jpg,"BOTTE,CARTA,TUTTE,SECONDA,CAPPELLA SiSTInA,21.250"
L'EreditÃ  - La Ghigliottina 10/05/2023',Rai,10/05/2023,https://www.youtube.com/watch?v=xH2GkpxXuDU,10-05-2023.jpg,"ANDARE,ACQUA,GIOIA,MERAVIGLIOSA,ISPIRAZIONE,12.500"
L'EreditÃ  - La Ghigliottina 09/05/2023',Rai,09/05/2023,https://www.youtube.com/watch?v=s8zyvXcdHd0,09-05-2023.jpg,"ABITO,URLO,ACCENDERE,NAVE,GAZZELLA,160.000"
L'EreditÃ  - La Ghigliottina 08/05/2023',Rai,08/05/2023,https://www.youtube.com/watch?v=9fSxkAfIPBM,08-05-2023.jpg,"CHIEDERE,ORA,BUGIE,QUANTO,cosi,85.000"
L'EreditÃ  - La Ghigliottina 04/05/2023',Rai,04/05/2023,https://www.youtube.com/watch?v=IaiIK0EubHY,04-05-2023.jpg,"AMORE,CROCE,SPERANZA,GIOCARE,SOLO,90.Uuu"
L'EreditÃ  - La Ghigliottina 04/05/2023',Rai,04/05/2023,https://www.youtube.com/watch?v=gUZhsEGJuLI,04-05-2023.jpg,"AMORE,CROCE,SPERANZA,GIOCARE,SOLO,90.Uuu"
L'EreditÃ  - La Ghigliottina 03/05/2023',Rai,03/05/2023,https://www.youtube.com/watch?v=YaeHGfFoK3w,03-05-2023.jpg,"VERDE,CANNUCCIA,ISOLE,MOSTRO,GRADO,42.500"
L'EreditÃ  - La Ghigliottina 01/05/2023',Rai,01/05/2023,https://www.youtube.com/watch?v=uVXmjrBsbdU,01-05-2023.jpg,"VITA,PREGHIERA,TuTTI,ODISSEA,ROGO,22.500"
L'EreditÃ  - La Ghigliottina 27/04/2023',Rai,27/04/2023,https://www.youtube.com/watch?v=FqQEAwuuEWE,27-04-2023.jpg,"STUDIO,FILM,VERITÃ,ARRIVEDERCI,SEGNO,50.000"
L'EreditÃ  - La Ghigliottina 24/04/2023',Rai,24/04/2023,https://www.youtube.com/watch?v=QPlUXQv5Eu0,24-04-2023.jpg,"PERSONAGGIO,GUAPPO,SPADA,VALIGIA,LIMA,20.000"
L'EreditÃ  - La Ghigliottina 23/04/2023',Rai,23/04/2023,https://www.youtube.com/watch?v=Ytm2E8AXbBA,23-04-2023.jpg,"VITA,PORTA,CARTE,MATERIALI,SCALA,100.Uuo"
L'EreditÃ  - La Ghigliottina 19/04/2023',Rai,19/04/2023,https://www.youtube.com/watch?v=4xToSWQC-Sg,19-04-2023.jpg,"FESTA,PAPA,DONNA,TV,PONTE,42.500"
L'EreditÃ  - La Ghigliottina 18/04/2023',Rai,18/04/2023,https://www.youtube.com/watch?v=P8YJR4q5ZGA,18-04-2023.jpg,"INVISIBILE,FARE,MACCHINA,RAPIDO,RISVOLTO,95.Uu0"
L'EreditÃ  - La Ghigliottina 11/04/2023',Rai,11/04/2023,https://www.youtube.com/watch?v=9PPOWIBL2Ik,11-04-2023.jpg,"MARE,PELLICOLA,CAROSELLO,CHIUSO,ELEGANZA,25.000"
L'EreditÃ  - La Ghigliottina 10/04/2023',Rai,10/04/2023,https://www.youtube.com/watch?v=-KGE5ZxXGt8,10-04-2023.jpg,"PRIMO,MANCARE,VINO,STATO,NOBILTA,20.000"
L'EreditÃ  - La Ghigliottina 09/04/2023',Rai,09/04/2023,https://www.youtube.com/watch?v=cr7IUoc8KL4,09-04-2023.jpg,"ESSERE,CENTRALE,FELICE,NEMMENO,PALLIDA,10.625"
L'EreditÃ  - La Ghigliottina 08/04/2023',Rai,08/04/2023,https://www.youtube.com/watch?v=_TAvlVCJHws,08-04-2023.jpg,"FERMARE,DIFETTO,REGOLA,FARE,HITCHCOCK,95.000"
L'EreditÃ  - La Ghigliottina 07/04/2023',Rai,07/04/2023,https://www.youtube.com/watch?v=oCdWnPgr9SY,07-04-2023.jpg,"NATALE,AMOR,MAMMA,SANTA,PRESA,90.0u0"
L'EreditÃ  - La Ghigliottina 02/04/2023',Rai,02/04/2023,https://www.youtube.com/watch?v=0tBRgYMwG-s,02-04-2023.jpg,"TUTTO,FINESTRA,PULIRE,PIOMBO,COLORI,90.000"
L'EreditÃ  - La Ghigliottina 01/04/2023',Rai,01/04/2023,https://www.youtube.com/watch?v=vgI-Kztytao,01-04-2023.jpg,"PAPERINO,STRANO,SPECCHIO,NOTTE,PAUSA,18.750"
L'EreditÃ  - La Ghigliottina 29/03/2023',Rai,29/03/2023,https://www.youtube.com/watch?v=eQ-7Ulsn5xk,29-03-2023.jpg,"VOCE,PRINCIPALE,INTERNAZIONALE,TUTTI,MASSIMA,11.875"
L'EreditÃ  - La Ghigliottina 27/03/2023',Rai,27/03/2023,https://www.youtube.com/watch?v=L-uKqUa2hjE,27-03-2023.jpg,"OGGI,ANDARE,DISTANZA,PACE,PRESENTE,11.250"
L'EreditÃ  - La Ghigliottina 24/03/2023',Rai,24/03/2023,https://www.youtube.com/watch?v=-fcvujql9gw,24-03-2023.jpg,"PEDALE,BEL,SICURO,MAESTRO,SOLITI IGnOTI,80.0u0"
L'EreditÃ  - La Ghigliottina 23/03/2023',Rai,23/03/2023,https://www.youtube.com/watch?v=O1_bQPdNQxw,23-03-2023.jpg,"COMUNE,CITTÃ,PIAZZA,STRADA,PORTA,11.250"
L'EreditÃ  - La Ghigliottina 21/03/2023',Rai,21/03/2023,https://www.youtube.com/watch?v=n7nYdXgC1Rs,21-03-2023.jpg,"RESTARE,CASO,MINIMO,GUSTO,AMLETO,18.750"
L'EreditÃ  - La Ghigliottina 15/03/2023',Rai,15/03/2023,https://www.youtube.com/watch?v=uyFEvA_Lzbg,15-03-2023.jpg,"ELETTRICO,VIOLETTA,RAGNO,PRIMO,MAESTRO,47.500"
L'EreditÃ  - La Ghigliottina 08/03/2023',Rai,08/03/2023,https://www.youtube.com/watch?v=yvBUB7tCSOM,08-03-2023.jpg,"CASA,NOTTE,DOMENICA,ALA,CINEMA,52.500"
L'EreditÃ  - La Ghigliottina 04/03/2023',Rai,04/03/2023,https://www.youtube.com/watch?v=2cQV6ltqErk,04-03-2023.jpg,"GIUDICE,ONORE,VICINO,AGENDA,TECNICO,95.000"
L'EreditÃ  - La Ghigliottina 27/02/2023',Rai,27/02/2023,https://www.youtube.com/watch?v=KCZ7YrSk3L4,27-02-2023.jpg,"COMUNE,POLVERE,VINO,BIANCO,LANCIO,100.Uuo"
L'EreditÃ  - La Ghigliottina 24/02/2023',Rai,24/02/2023,https://www.youtube.com/watch?v=A7bg3E5KCSk,24-02-2023.jpg,"PREZZO,ORA,TARGA,ARTISTI,LIBERO,50.0u0"
L'EreditÃ  - La Ghigliottina 22/02/2023',Rai,22/02/2023,https://www.youtube.com/watch?v=xnbi4-E4t5o,22-02-2023.jpg,"ANGELO,ECO,SEGNO,CARA,PALLA,22.500"
L'EreditÃ  - La Ghigliottina 20/02/2023',Rai,20/02/2023,https://www.youtube.com/watch?v=HB8QTV54eSY,20-02-2023.jpg,"GIARDINO,TIMONE,MULINO,DOPPIA,PIZZA,20.000"
L'EreditÃ  - La Ghigliottina 18/02/2023',Rai,18/02/2023,https://www.youtube.com/watch?v=GFqPQWvnP38,18-02-2023.jpg,"ANDARE,LUNGO,PIANOFORTE,TORTO,SPALLE,10.000"
L'EreditÃ  - La Ghigliottina 16/02/2023',Rai,16/02/2023,https://www.youtube.com/watch?v=SrOfMksN6To,16-02-2023.jpg,"PRESENTARE,CANZONE,ONLINE,GENTILE,AlUTO,22.500"
L'EreditÃ  - La Ghigliottina 15/02/2023',Rai,15/02/2023,https://www.youtube.com/watch?v=FYJ6pCdIj1k,15-02-2023.jpg,"GIARDINO,SILENZIO,CORTESIA,FILM,7,VINCERE,22.500"
L'EreditÃ  - La Ghigliottina 14/02/2023',Rai,14/02/2023,https://www.youtube.com/watch?v=zbk1cSd654g,14-02-2023.jpg,"MISURARE,BUON,PARTE,FAGIOLI,FONDO,42.500"
L'EreditÃ  - La Ghigliottina 12/02/2023',Rai,12/02/2023,https://www.youtube.com/watch?v=oymg9zOKDH4,12-02-2023.jpg,"LUNGO,LINEA,SOTTO,MEZZA,VERDE,100.U00"
L'EreditÃ  - La Ghigliottina 11/02/2023',Rai,11/02/2023,https://www.youtube.com/watch?v=zgohCETcMWo,11-02-2023.jpg,"PRIMA,SOTTO,DARE,FRONTALE,DURATA,20.000"
L'EreditÃ  - La Ghigliottina 09/02/2023',Rai,09/02/2023,https://www.youtube.com/watch?v=UlqMt4LodwQ,09-02-2023.jpg,"ACQUA,TIRARE,PALLINE,MARINA,SECCHI,21.250"
L'EreditÃ  - La Ghigliottina 06/02/2023',Rai,06/02/2023,https://www.youtube.com/watch?v=EF3I5ArjMwE,06-02-2023.jpg,"SOTTO,FELICE,CHIEDERE,CONSEGNA,DIO,9.375"
L'EreditÃ  - La Ghigliottina 05/02/2023',Rai,05/02/2023,https://www.youtube.com/watch?v=K9UaDBcLXF4,05-02-2023.jpg,"TASCA,FONDO,MOMENTO,CINEMA,FA MALE,5.313"
L'EreditÃ  - La Ghigliottina 31/01/2023',Rai,31/01/2023,https://www.youtube.com/watch?v=IXx-l5Bl1X4,31-01-2023.jpg,"IMPARARE,MILLE,LIBRO,GIUDIZIO,1,SALVO,40.000"
L'EreditÃ  - La Ghigliottina 30/01/2023',Rai,30/01/2023,https://www.youtube.com/watch?v=Y5e4xEm7mpY,30-01-2023.jpg,"ALTEZZA,SOTTILE,NECESSITÃ,OPERA,VIVERE,20.000"
La Ghigliottina  - L'EreditÃ  23/01/2023',Rai,23/01/2023,https://www.youtube.com/watch?v=GnCuQVRg9MI,23-01-2023.jpg,"FARE,BABY,ELETTRICO,PASSEGGERO,COSTUME,45.000"
L'EreditÃ  - La Ghigliottina 01/01/2023',Rai,01/01/2023,https://www.youtube.com/watch?v=zKWC8aF6aH8,01-01-2023.jpg,"ANDARE,PARTE,SECONDO,DIFFICILE,NESSUN,190.Uuo"
L'EreditÃ  - La Ghigliottina 30/12/2022',Rai,30/12/2022,https://www.youtube.com/watch?v=HNz8chvtzmY,30-12-2022.jpg,"GRANDE,FORTE,ROSSA,CADUTA,TASSO,20u.Uuo"
L'EreditÃ  - La Ghigliottina 13/12/2022',Rai,13/12/2022,https://www.youtube.com/watch?v=cm4ZIsRoRqs,13-12-2022.jpg,"MOMENTO,COMPAGNIA,STRADA,GALLO,AMARA,45.000"
L'EreditÃ  - La Ghigliottina 10/12/2022',Rai,10/12/2022,https://www.youtube.com/watch?v=CQApekj4gx8,10-12-2022.jpg,"PERIODO,TROVARE,PANTALONI,ARTICOLO,LIBRO,21.250"
L'EreditÃ  - La Ghigliottina 02/12/2022',Rai,02/12/2022,https://www.youtube.com/watch?v=ZnUe0rUzQqI,02-12-2022.jpg,"ORO,LEGGE,SUONI,VIVO,LAVAR,20.000"
La Ghigliottina - L'EreditÃ   30/11/2022',Rai,30/11/2022,https://www.youtube.com/watch?v=bqdr09Fqddk,30-11-2022.jpg,"TEATRO,ASPETTARE,MARGHERITA,ANGOLO,FILA,85.000"
L'EreditÃ  - La Ghigliottina 23/11/2022',Rai,23/11/2022,https://www.youtube.com/watch?v=rmMUW6tr96g,23-11-2022.jpg,"ENTRARE,ESTATE,TEMPO,GRAN,CORPO,90.000"
La Ghigliottina -  L'EreditÃ  21/11/2022',Rai,21/11/2022,https://www.youtube.com/watch?v=B8-3esApTus,21-11-2022.jpg,"ITALIANO,AMORE,CAMBIO,ANDARE,PIU,170.000"
L'EreditÃ  - La Ghigliottina 18/11/2022',Rai,18/11/2022,https://www.youtube.com/watch?v=hzndhy3qkHc,18-11-2022.jpg,"MODA,TuTTo,BELLO,INGEGNO,170.000"
L'EreditÃ  - La Ghigliottina 16/11/2022',Rai,16/11/2022,https://www.youtube.com/watch?v=uRviJdmG5to,16-11-2022.jpg,"SCARPE,MIRACOLI,VERSO,SUBITO,ROSSO,140.000"
L'EreditÃ  - La Ghigliottina 10/11/2022',Rai,10/11/2022,https://www.youtube.com/watch?v=-McfY8WJB1Q,10-11-2022.jpg,"CASA,SEDIA,FERMO,GRANDE,FINESTRA,12.500"
L'EreditÃ  - La Ghigliottina 08/11/2022',Rai,08/11/2022,https://www.youtube.com/watch?v=4ApHo4f5kIA,08-11-2022.jpg,"CURA,FESTA,CESTINO,TAVOLA,FRAGOLA,37.500"
La ghigliottina - L'EreditÃ  week end 05/06/2022',Rai,05/06/2022,https://www.youtube.com/watch?v=DANaB-SPUQ4,05-06-2022.jpg,"KO,ATTENZIONE,ENTRARE,si,110.000"
La ghigliottina - L'EreditÃ  03/06/2022',Rai,03/06/2022,https://www.youtube.com/watch?v=IMTA621PJ1o,03-06-2022.jpg,"ALTALENA,TRASMETTERE,PREDA,PRIVO,BATTISTI,52.500"
La ghigliottina - L'EreditÃ  31/05/2022',Rai,31/05/2022,https://www.youtube.com/watch?v=tohWoKqvIJE,31-05-2022.jpg,"FONDO,ROCK,PASSO,FUOCO,RILASCIO,45.000"
La ghigliottina - L'EreditÃ  30/05/2022',Rai,30/05/2022,https://www.youtube.com/watch?v=QuJa-7ovw5E,30-05-2022.jpg,"BONOCORE,ANGELO,CHIAVI,USCITA,BENJI,13.125"
La ghigliottina - L'EreditÃ  week end 28/05/2022',Rai,28/05/2022,https://www.youtube.com/watch?v=Oel_Hf_Tj4s,28-05-2022.jpg,"CATTEDRALE,BUIO,BILANCIO,VOCE,ChIUSO,6.563"
La ghigliottina - L'EreditÃ  24/05/2022',Rai,24/05/2022,https://www.youtube.com/watch?v=EAPsMc1yLGU,24-05-2022.jpg,"POMERIGGIO,Con,ATTENTI,DIVANO,PADRONI,28.750"
La ghigliottina - L'EreditÃ  week end 22/05/2022',Rai,22/05/2022,https://www.youtube.com/watch?v=zR7JVnHgsl8,22-05-2022.jpg,"TEMPO,TECNICA,IMPERIALE,FIUME,CODE,62.500"
La ghigliottina - L'EreditÃ  week end 21/05/2022',Rai,21/05/2022,https://www.youtube.com/watch?v=tWGUh6op1G4,21-05-2022.jpg,"BENE,SPESE,VIRTUALE,FAMILIARE,CRISTIANA,95.000"
La ghigliottina - L'EreditÃ   Una Sera Insieme 20/05/2022',Rai,20/05/2022,https://www.youtube.com/watch?v=hu5fTidF0kI,20-05-2022.jpg,"CITTA,PIENO,ITALIANA,STA FINENDO,SAN MARTINO,67.5u0"
La ghigliottina - L'EreditÃ  19/05/2022',Rai,19/05/2022,https://www.youtube.com/watch?v=ec3eQOB7xck,19-05-2022.jpg,"GOFFREDO PARISE,CASA,FESTA,UFFICIALE,ANNUNCIARE,120.000"
La ghigliottina - L'EreditÃ  18/05/2022',Rai,18/05/2022,https://www.youtube.com/watch?v=T4rscESCjME,18-05-2022.jpg,"TEMPORALE,CARABINIERI,ENTE,POLARE,PRESIDENTE,22.500"
La ghigliottina - L'EreditÃ  17/05/2022',Rai,17/05/2022,https://www.youtube.com/watch?v=DekXsddWvuM,17-05-2022.jpg,"MARE,MUSICA,PRIVATO,RUOLO,SOSTEGNO,20.000"
La ghigliottina - L'EreditÃ  12/05/2022',Rai,12/05/2022,https://www.youtube.com/watch?v=jzmQXmT6Zz8,12-05-2022.jpg,"PUNTA,TERRA,AGENDA,CAMICIA,PIZZA,37.500"
La ghigliottina - L'EreditÃ  11/05/2022',Rai,11/05/2022,https://www.youtube.com/watch?v=gFZsn_i74h4,11-05-2022.jpg,"TÃ,PELLE,RAMMENDO,OGGI,MINESTRA,25.000"
La ghigliottina - L'EreditÃ  02/05/2022',Rai,02/05/2022,https://www.youtube.com/watch?v=xFaMVLTjMLs,02-05-2022.jpg,"LETTO,VELLUTO,LUIGI,QUA,ELEFANTE,30.0u0"
La ghigliottina - L'EreditÃ   - 26/04/2022',Rai,26/04/2022,https://www.youtube.com/watch?v=F0EqwnpZQAM,26-04-2022.jpg,"SOLE,ESTATE,AUTO,MUSEO,MANI,105.000"
La ghigliottina - L'EreditÃ  week end - 23/04/2022',Rai,23/04/2022,https://www.youtube.com/watch?v=MWMDiwEysJI,23-04-2022.jpg,"MERAVIGLIE,ATTRAVERSARE,EPOPEA,MONTAGNA,SOTTERRANEA,40.000"
La ghigliottina - L'EreditÃ   - 21/04/2022',Rai,21/04/2022,https://www.youtube.com/watch?v=yGzwFdYX3sw,21-04-2022.jpg,"LEGNO,PROSCIUTTO,RUOLO,INVIDIA,TACCO,40.0u0"
La ghigliottina - L'EreditÃ   - 19/04/2022',Rai,19/04/2022,https://www.youtube.com/watch?v=GexVgLZkp1w,19-04-2022.jpg,"FORTE,FARE,VERITÃ,SOLO Ã,MAGGIO,26.250"
La ghigliottina - L'EreditÃ   - 19/04/2022',Rai,19/04/2022,https://www.youtube.com/watch?v=2pEilNj8ygQ,19-04-2022.jpg,"FORTE,FARE,VERITÃ,SOLO Ã,MAGGIO,26.250"
La ghigliottina - L'EreditÃ   - 18/04/2022',Rai,18/04/2022,https://www.youtube.com/watch?v=Wh7hZcVzuyI,18-04-2022.jpg,"QUALCOSA,CORRENTI,VITA,ORDINE,STORIA,28.750"
La ghigliottina - L'EreditÃ   - 12/04/2022',Rai,12/04/2022,https://www.youtube.com/watch?v=6FA2Ghcv2jw,12-04-2022.jpg,"TERRENO,GIOVANI,EUROPA,COPPA,GRATUITI,20.000"
La ghigliottina - L'EreditÃ  week end - 10/04/2022',Rai,10/04/2022,https://www.youtube.com/watch?v=mG9YuzG_FM4,10-04-2022.jpg,"AFRICA,DESERTO,FESTA,ARIE,NOTTE,32.500"
La ghigliottina - L'EreditÃ   - 08/04/2022',Rai,08/04/2022,https://www.youtube.com/watch?v=Z95i-wc6xYw,08-04-2022.jpg,"VIA,ACCORDO,PER,TERMINE,ALTA,40.000"
La ghigliottina - L'EreditÃ   - 04/04/2022',Rai,04/04/2022,https://www.youtube.com/watch?v=emWI6nBCYzc,04-04-2022.jpg,"SOTTO,RISCHIO,NAZIONALE,coSTI,ASSEGNO,45.000"
La ghigliottina - L'EreditÃ  week end - 02/04/2022',Rai,02/04/2022,https://www.youtube.com/watch?v=HYO5OCuSSWQ,02-04-2022.jpg,"DOMANI,NUMERO,FIDUCIA,RISPETTO,CHI Ã,80.000"
La ghigliottina - L'EreditÃ  week end - 27/03/2022',Rai,27/03/2022,https://www.youtube.com/watch?v=BpStDgus6pY,27-03-2022.jpg,"ATTIMO,ERRORE,GUIDA,FONDI,MUSCOLARE,57.500"
La ghigliottina - L'EreditÃ   - 23/03/2022',Rai,23/03/2022,https://www.youtube.com/watch?v=UyAb4BGicY8,23-03-2022.jpg,"ATTIVITA,FAMIGLIA,RUBATO,FIUME,NIDO,105.00o"
La ghigliottina - L'EreditÃ  week end - 20/03/2022',Rai,20/03/2022,https://www.youtube.com/watch?v=xPebxKAXSCQ,20-03-2022.jpg,"MASCHIO,MUHAMMAD ALI,TRILUSSA,ITALIANA,REGINA,52.500"
La ghigliottina - L'EreditÃ   - 22/03/2022',Rai,22/03/2022,https://www.youtube.com/watch?v=hWk3NtqlKLw,22-03-2022.jpg,"TENERE,FUORI,SECCO,SCHEDA,SEDUTA,15.000"
La ghigliottina - L'EreditÃ   - 18/03/2022',Rai,18/03/2022,https://www.youtube.com/watch?v=4pBdbi123pI,18-03-2022.jpg,"AMORE,GRAZIE,MAY,LEONIE,MARA,75.000"
La ghigliottina - L'EreditÃ   - 17/03/2022',Rai,17/03/2022,https://www.youtube.com/watch?v=0_weoQY6OzU,17-03-2022.jpg,"AMICO,SPIRITO,CUORE,TIRA,MASTRO,26.250"
La ghigliottina - L'EreditÃ   - 16/03/2022',Rai,16/03/2022,https://www.youtube.com/watch?v=k6U12sb4GcA,16-03-2022.jpg,"CALDO,SALSA,BIANCA,PESCE,SPAGHETTI,28.750"
La ghigliottina - L'EreditÃ   - 15/03/2022',Rai,15/03/2022,https://www.youtube.com/watch?v=dIq_rJzMv3U,15-03-2022.jpg,"EREDITA,MIO FIGLIO,TONY,LA CASA di CARTA,VECCHIONI,6.250"
La ghigliottina - L'EreditÃ   - 14/03/2022',Rai,14/03/2022,https://www.youtube.com/watch?v=vSi5fb5XxGQ,14-03-2022.jpg,"STELLE,CALDO,CLUB,DAVIS,GLI ARISTOGATTI,28.750"
La ghigliottina - L'EreditÃ   - 04/03/2022',Rai,04/03/2022,https://www.youtube.com/watch?v=tuGUZP154SY,04-03-2022.jpg,"GIUDICARE,ATTESA,SERIE,CORSO,ORGANIZZAZIONE,115.000"
La ghigliottina - L'EreditÃ   - 23/02/2022',Rai,23/02/2022,https://www.youtube.com/watch?v=rJeMnk4stOs,23-02-2022.jpg,"CREMA,PIPA,TOGLIERE,CON 0 SENZA,ONDE,15.000"
La ghigliottina - L'EreditÃ   - 14/02/2022',Rai,14/02/2022,https://www.youtube.com/watch?v=AVHzEgCv24w,14-02-2022.jpg,"ARIA,STIVALE,STADIO,MORRICONE,ANGELICA,15.000"
La ghigliottina - L'EreditÃ   - 04/02/2022',Rai,04/02/2022,https://www.youtube.com/watch?v=dKDSfuE2sXc,04-02-2022.jpg,"DARE,MENO,PUNTO,ERO,IMPATTO,28.750"
La ghigliottina - L'EreditÃ  week end - 30/01/2022',Rai,30/01/2022,https://www.youtube.com/watch?v=9HZUm2tFs9o,30-01-2022.jpg,"STELLE,LEGGE,TERRA,DOVERE,CORRENTE,52.500"
La ghigliottina - L'EreditÃ   - 20/01/2022',Rai,20/01/2022,https://www.youtube.com/watch?v=9ghs7eBOOC8,20-01-2022.jpg,"ULTIMO,RITRATTO,COLORE,BATTUTA DI ToTÃ,INVISIBILE,115.000"
La ghigliottina - L'EreditÃ  week end - 11/01/2022',Rai,11/01/2022,https://www.youtube.com/watch?v=zp9w7NC3XaY,11-01-2022.jpg,"LIBERO,FONDO,SALVARSI,PALLA,FIN,12.500"
La ghigliottina - L'EreditÃ   - 05/01/2022',Rai,05/01/2022,https://www.youtube.com/watch?v=F3XAhkTVZmM,05-01-2022.jpg,"ITALIANO,SPALLA,ASCOLTO,LAVORARE,ZERO,13.125"
La ghigliottina - L'EreditÃ  - 23/11/2021',Rai,23/11/2021,https://www.youtube.com/watch?v=7j0UMeFrdEo,23-11-2021.jpg,"DOMANI,FRONTE,GIORNATA,VIAGGIARE,SPOSI,45.000"
La ghigliottina - L'EreditÃ  - 8/11/2021',Rai,8/11/2021,https://www.youtube.com/watch?v=sBoHMcoBhdQ,8-11-2021.jpg,"BRILLARE,MALATTIA,comuNICAZIONI,RETE,SCUOLA,18.750"
La ghigliottina - L'EreditÃ  - 5/11/2021',Rai,5/11/2021,https://www.youtube.com/watch?v=qxbQ9p6y3b8,5-11-2021.jpg,"DIVENTARE,NATALE,PIAVE,ARTÃ,UomINI StRAORDINARI,65.000"
La ghigliottina - L'EreditÃ  - 3/11/2021',Rai,3/11/2021,https://www.youtube.com/watch?v=4_TCaw6Emfg,3-11-2021.jpg,"FOTO,MACCHINA,PACE,SALUTE,RIGORE,22.500"
La ghigliottina - L'EreditÃ  - 2/11/2021',Rai,2/11/2021,https://www.youtube.com/watch?v=DYn-i_Ji7qo,2-11-2021.jpg,"SILENZIO,CONCETTO,PUNTI,MODO,SIMBOLO,52.500"
La ghigliottina - L'EreditÃ  - 21/10/2021',Rai,21/10/2021,https://www.youtube.com/watch?v=qKCLt_bQr4A,21-10-2021.jpg,"SENZA,SOCIALE,ALTRI,ETA,MAGGIOR,70.000"
La ghigliottina - L'EreditÃ  - 19/10/2021',Rai,19/10/2021,https://www.youtube.com/watch?v=9nG9_cURe_c,19-10-2021.jpg,"SOLE,TV,AEREO,TRE,PISTA,26.250"
La ghigliottina - L'EreditÃ  23/05/2021',Rai,23/05/2021,https://www.youtube.com/watch?v=2jyZogois_c,23-05-2021.jpg,"VENTO,DOMANDARE,DIVINO,ASSISI,CASELLI,95.U00"
La ghigliottina - LâEreditÃ  12/05/2021',Rai,12/05/2021,https://www.youtube.com/watch?v=w_i7TTazfCM,12-05-2021.jpg,"IMPRESA,RITI,LAUREA,DIRETTA,AMICHEVOLE,31.250"
La ghigliottina - LâEreditÃ  08/05/2021',Rai,08/05/2021,https://www.youtube.com/watch?v=tMXVp_68Wmo,08-05-2021.jpg,"ABITO,FARE,META,UNo,UNGARETTI,47.500"
La ghigliottina - LâEreditÃ  15/04/2021',Rai,15/04/2021,https://www.youtube.com/watch?v=CN2jtT8lzvQ,15-04-2021.jpg,"MORO,COMPOSTE,Uovo,CARICO,SERIE,14.375"
La ghigliottina - L'EreditÃ  23/03/2021',Rai,23/03/2021,https://www.youtube.com/watch?v=cKLF4DhYZNs,23-03-2021.jpg,"PRESENTATORE,OPERA,AVERE,ANZIANO,TOM CRUISE,21.250"
La ghigliottina - L'EreditÃ  17/03/2021',Rai,17/03/2021,https://www.youtube.com/watch?v=eMjl7Qky0FI,17-03-2021.jpg,"ZONA,CIBO,MOTORE,TROVARE,ASCENSORE,13.125"
La ghigliottina - LâEreditÃ  04/03/2021',Rai,04/03/2021,https://www.youtube.com/watch?v=VdUP-NPqCgM,04-03-2021.jpg,"CANTANTE,PREZZO,MESE,CAPITANO,IMPERATORE,27.500"
La ghigliottina - LâEreditÃ  02/03/2021',Rai,02/03/2021,https://www.youtube.com/watch?v=Da4kRSIRkAw,02-03-2021.jpg,"STILISTA,FINE,MINESTRA,FUORI POSTO,QUATTRO,115.Uuu"
La ghigliottina - LâEreditÃ  23/02/2021',Rai,23/02/2021,https://www.youtube.com/watch?v=PRNWokA9ecU,23-02-2021.jpg,"PIENO,COMPUTER,GESTIONE,RISPARMIO,PIANETA,16.250"
La ghigliottina - LâEreditÃ  15/02/2021',Rai,15/02/2021,https://www.youtube.com/watch?v=ScleUgz9cpo,15-02-2021.jpg,"ALBERO,FARINA,STOMACO,SALMONE,AZZURRE,230.U00"
La ghigliottina - LâEreditÃ  19/12/2020',Rai,19/12/2020,https://www.youtube.com/watch?v=_r0P_Axd7Lc,19-12-2020.jpg,"SCENA,DARE,CARTE,VITE,ARTICOLO,62.500"
La ghigliottina - LâEreditÃ  16/12/2020',Rai,16/12/2020,https://www.youtube.com/watch?v=gYzMfFN1uEI,16-12-2020.jpg,"POPOLAZIONE,OPPOSIZIONI,ISCRIZIONE,VoTo,ELETTRONICO,57.500"
La ghigliottina - LâEreditÃ  14/12/2020',Rai,14/12/2020,https://www.youtube.com/watch?v=Thl_ms0CyQs,14-12-2020.jpg,"INDUSTRIA,CATENA,GRANDE,PARTENZA,SPIA,65.000"
La ghigliottina - LâEreditÃ  11/12/2020',Rai,11/12/2020,https://www.youtube.com/watch?v=cRqGjXW2A7c,11-12-2020.jpg,"FIGURA,SCELTA,CURIOSI,MONETA,SEGUIRE,40.0u0"
La ghigliottina - LâEreditÃ  25/10/2020',Rai,25/10/2020,https://www.youtube.com/watch?v=OgAhdARWJ1Q,25-10-2020.jpg,"GIOVANE,RISPETTARE,PAGAMENTO,VITA,SOLENNE,52.500"
La ghigliottina - L'EreditÃ  22/01/2020',Rai,22/01/2020,https://www.youtube.com/watch?v=jM4CGVEutPQ,22-01-2020.jpg,"SRI LANKA,CAPPUCCINO,TENENTE,NAVIGATORE,Uovo,75.000"
La ghigliottina - L'EreditÃ  12/11/2019',Rai,12/11/2019,https://www.youtube.com/watch?v=J40Fk6Nmgsg,12-11-2019.jpg,"OFFERTE,METTERE,ELEMENTO,non C'e,SENZA,95.000"
La ghigliottina - L'EreditÃ  03/10/2019',Rai,03/10/2019,https://www.youtube.com/watch?v=a03XQSeF08c,03-10-2019.jpg,"UoMo,DESIDERIO,FORZA,FORTE,NOME,15.000"
La ghigliottina - LâEreditÃ  del 02/04/2019',Rai,02/04/2019,https://www.youtube.com/watch?v=_Kjrp2hlav8,02-04-2019.jpg,"BUON,BUONO,GIORNO,ETÃ,IDEE,42.500"
La ghigliottina - L'EreditÃ  week end - 12/03/2022',Rai,12/03/2022,https://www.youtube.com/watch?v=XikKzeym7eA,12-03-2022.jpg,"RUOTA,PORTAFOGLIO,PALLONCINO,GINOCCHIO,MARILYN,35.Uu0"
La ghigliottina - L'EreditÃ   - 08/03/2022',Rai,08/03/2022,https://www.youtube.com/watch?v=99tlrPYvFvE,08-03-2022.jpg,"CONTEA,LO SQUALO,WOODY,WAYNE,NOTTINGHAM,10.000"
La ghigliottina - L'EreditÃ   - 01/03/2022',Rai,01/03/2022,https://www.youtube.com/watch?v=YMxfN1BphMg,01-03-2022.jpg,"CHIAMARE,PRESIDENTE,CI VEDIAMO,LIBERTA,MILITARE,230.000"
La ghigliottina - L'EreditÃ   - 27/02/2022',Rai,27/02/2022,https://www.youtube.com/watch?v=pC1Y6pahuQM,27-02-2022.jpg,"MOSCHE,BIONDO,FERRERI,SELVATICO,WINNIE THE POOH,25.000"
La ghigliottina - L'EreditÃ   - 22/02/2022',Rai,22/02/2022,https://www.youtube.com/watch?v=WzLzliL7TYE,22-02-2022.jpg,"MOGLIE,GIORNATA,VISCONTI,ERI,STORIA D'AMORE,115.000"
La ghigliottina - L'EreditÃ   - 19/02/2022',Rai,19/02/2022,https://www.youtube.com/watch?v=Sg54lie5aHA,19-02-2022.jpg,"OSPITE,PENSIERO,ASPETTO,GIOVANNI,TaNTO,16.250"
La ghigliottina - L'EreditÃ   - 16/02/2022',Rai,16/02/2022,https://www.youtube.com/watch?v=TYwKWJHfvbo,16-02-2022.jpg,"DIFENDERE,TEMPERATURA,TEMPO,TASTO,1//1,ASSOLUTO,37.500"
La ghigliottina - L'EreditÃ   - 11/02/2022',Rai,11/02/2022,https://www.youtube.com/watch?v=OGJMEJ3YI44,11-02-2022.jpg,"FRONTE,REALTÃ,MONTARE,REALE,ARISTON,210.Uuu"
La ghigliottina - L'EreditÃ   - 10/02/2022',Rai,10/02/2022,https://www.youtube.com/watch?v=N5igwkHa3Qw,10-02-2022.jpg,"LUNA,MARE,DOMENICA,MOGLIE,115.000"
La ghigliottina - L'EreditÃ   - 07/02/2022',Rai,07/02/2022,https://www.youtube.com/watch?v=KMs4Wq9qLgQ,07-02-2022.jpg,"MANGIARE,FUOCO,ROSSO,QUESTIONE,INTERESSE,45.000"
La ghigliottina - L'EreditÃ   - 03/02/2022',Rai,03/02/2022,https://www.youtube.com/watch?v=nPpg88jFDLk,03-02-2022.jpg,"AUTO,CITTADINO,REALE,DIVERTIMENTI,PIEDI NUDI,12.500"
La ghigliottina - L'EreditÃ   - 02/02/2022',Rai,02/02/2022,https://www.youtube.com/watch?v=C80m_jRMfzQ,02-02-2022.jpg,"Gioco,FARE,FERMA,PEZZO,SERVIZIO,115.Uuu"
La Ghigliottina - L'EreditÃ  - Serata Sanremo - Puntata del 28/01/2022',Rai,28/01/2022,https://www.youtube.com/watch?v=8wUBW3osfWQ,28-01-2022.jpg,"FIORI,POLTRONE,AMORE,ADDIO,LENTO,165.UUU"
La ghigliottina - L'EreditÃ  week end - 02/01/2022',Rai,02/01/2022,https://www.youtube.com/watch?v=GhkYXcuUFQo,02-01-2022.jpg,"SEMPRE,MANDARE,FATTO,BELLO,GnocCHI,13.750"
La ghigliottina - L'EreditÃ  week end - 01/01/2022',Rai,01/01/2022,https://www.youtube.com/watch?v=bACKnaZtzUk,01-01-2022.jpg,"REGIONE,COLOR,CALCIO,SCIABOLA,CAMERIERE,37.500"
La ghigliottina - L'EreditÃ  - 31/12/2021',Rai,31/12/2021,https://www.youtube.com/watch?v=Dty9XZgiSOM,31-12-2021.jpg,"ESSERE,LAVORO,CONSUMO,SEGNALE,TRENI,11.250"
La ghigliottina - L'EreditÃ  - 29/12/2021',Rai,29/12/2021,https://www.youtube.com/watch?v=BtNC1Z7bSvQ,29-12-2021.jpg,"Gioco,SPAGNA,OcCHIO,ANGELI,SCATOLA,32.500"
La ghigliottina - L'EreditÃ  - 17/12/2021',Rai,17/12/2021,https://www.youtube.com/watch?v=jcGb2PpOwGw,17-12-2021.jpg,"SQUADRA,MIGLIOR,PAURA,SEDIA,AZIONE,23.750"
La ghigliottina - L'EreditÃ  - 14/12/2021',Rai,14/12/2021,https://www.youtube.com/watch?v=k9_B5Rb1wGA,14-12-2021.jpg,"POIROT,MICROFONO,SICUREZZA,CRAVATTA,KILT,10.000"
La ghigliottina - L'EreditÃ  week end - 27/11/2021',Rai,27/11/2021,https://www.youtube.com/watch?v=xK60OWX4u2A,27-11-2021.jpg,"LEGGI,INFANZIA,CODICE,VIRTUALE,MONDO,37.500"
La ghigliottina - L'EreditÃ  week end - 21/11/2021',Rai,21/11/2021,https://www.youtube.com/watch?v=yQtDq_hNbFA,21-11-2021.jpg,"PARIGI,VENDERE,DALLA,PERSONA,MAMMINA,20.000"
La ghigliottina - L'EreditÃ  week end - 20/11/2021',Rai,20/11/2021,https://www.youtube.com/watch?v=nhY9N2drDiQ,20-11-2021.jpg,"UoMo,FUOCo,AMORE,APRIRE,CHIARE,13.125"
La ghigliottina - L'EreditÃ  - 19/11/2021',Rai,19/11/2021,https://www.youtube.com/watch?v=3ZVScDmLOtw,19-11-2021.jpg,"TEMPO,PIÃ,MANO,MISURA,BUONA,105.0uo"
La ghigliottina - L'EreditÃ  - 17/11/2021',Rai,17/11/2021,https://www.youtube.com/watch?v=gEwwvuzUjmw,17-11-2021.jpg,"LAVORO,PASSEGGERI,PERCORSO,SENTIERO,BARBARI,26.250"
La ghigliottina - L'EreditÃ  - 15/11/2021',Rai,15/11/2021,https://www.youtube.com/watch?v=nqFKeDP32gA,15-11-2021.jpg,"RICHIESTA,AREA,TERRA,LIBERTA,QUALCOSA,105.000"
La ghigliottina - L'EreditÃ  - 10/11/2021',Rai,10/11/2021,https://www.youtube.com/watch?v=hB2ByLPOA3w,10-11-2021.jpg,"VERITA,DIRITTI,DORMIRE,FUMETTI,TREVISO,20.000"
La ghigliottina - L'EreditÃ  - 4/11/2021',Rai,4/11/2021,https://www.youtube.com/watch?v=WJmgkEiwohQ,4-11-2021.jpg,"ARBITRO,ATTESA,FERRIBOTTE,ESEMPLARE,ORACOLO,27.500"
La ghigliottina - L'EreditÃ  - 20/10/2021',Rai,20/10/2021,https://www.youtube.com/watch?v=dmM0co9WMXE,20-10-2021.jpg,"LEGGE,PACE,DARE,LAVORO,COSE,52.500"
La ghigliottina - L'EreditÃ  - 15/10/2021',Rai,15/10/2021,https://www.youtube.com/watch?v=buvBHj8DSqE,15-10-2021.jpg,"TORTA,CAPO,LEGGE,LIBERO,CASELLA,23.750"
La ghigliottina - L'EreditÃ  - 13/10/2021',Rai,13/10/2021,https://www.youtube.com/watch?v=No430S68MHY,13-10-2021.jpg,"CONQUISTARE,PORTA,CAVALIERE,COLOR,FACCIA,5.000"
La ghigliottina - L'EreditÃ  - 05/10/2021',Rai,05/10/2021,https://www.youtube.com/watch?v=pAdO68MzSZs,05-10-2021.jpg,"TARTARUGA,SCARPE,SUPERARE,PASTA,MILLE,230.000"
La ghigliottina - L'EreditÃ  - 28/09/2021',Rai,28/09/2021,https://www.youtube.com/watch?v=29uxUm_iGHM,28-09-2021.jpg,"VALLE,POSTO,RESTARE,DOLORE,SINISTRO,180.000"
La ghigliottina - LâEreditÃ  05/06/2021',Rai,05/06/2021,https://www.youtube.com/watch?v=hTQeFLUGbHk,05-06-2021.jpg,"FARE,GRUPPO,LAVAGGIO,TAPPO,SANGUE,26.250"
La ghigliottina - LâEreditÃ  03/06/2021',Rai,03/06/2021,https://www.youtube.com/watch?v=yb0xosAqprA,03-06-2021.jpg,"SUONo,SCARPE,PARA,ARTIFICIALE,MILLIMETRI,26.250"
La ghigliottina - LâEreditÃ  31/05/2021',Rai,31/05/2021,https://www.youtube.com/watch?v=jFe1wqXFoDI,31-05-2021.jpg,"ANDARE,SORRENTO,DRITTI,SENZA,NUDI,28.750"
La ghigliottina - LâEreditÃ  26/05/2021',Rai,26/05/2021,https://www.youtube.com/watch?v=SqUxalZZpxc,26-05-2021.jpg,"FIGURA,BLU,CANTARE,FACCIA,MESSAGGERO,20.Uu0"
La ghigliottina - LâEreditÃ  24/05/2021',Rai,24/05/2021,https://www.youtube.com/watch?v=0X7o1q1tt4A,24-05-2021.jpg,"FAMIGLIE,BORDO,TORNARE,CINESE,CARROZZA,6.875"
La ghigliottina - LâEreditÃ  19/05/2021',Rai,19/05/2021,https://www.youtube.com/watch?v=SAQVs8vulsQ,19-05-2021.jpg,"MONDo,EPOCA,LANCIARE,ALTA,ECO,57.500"
La ghigliottina - LâEreditÃ  11/05/2021',Rai,11/05/2021,https://www.youtube.com/watch?v=jUeJfhq9nPU,11-05-2021.jpg,"STAMPA,ASSOCIAZIONE,RESPONSABILE,PRIMARIO,GIOVANILE,210.000"
La ghigliottina - LâEreditÃ  03/05/2021',Rai,03/05/2021,https://www.youtube.com/watch?v=ey9gsbP4CeA,03-05-2021.jpg,"VIVERE,SERA,ALBUM,SOTTOSUOLO,SCUOLA,35.000"
La ghigliottina - LâEreditÃ  02/05/2021',Rai,02/05/2021,https://www.youtube.com/watch?v=JjefaBR9hss,02-05-2021.jpg,"CoNSIGLIO,FONTANE,FOGLIO,CAMPANE,PASSI,105.Uuo"
La ghigliottina - LâEreditÃ  01/05/2021',Rai,01/05/2021,https://www.youtube.com/watch?v=39E4ay8F1Ag,01-05-2021.jpg,"CREDITO,PENSARE,GoGGI,A TE,FIDUCIA,30.000"
La ghigliottina - LâEreditÃ  26/04/2021',Rai,26/04/2021,https://www.youtube.com/watch?v=iS1nltIzmDQ,26-04-2021.jpg,"SIMBOLO,VITTORIA,PREISTORICO,LETTERATURA,SOLENNE,15.625"
La ghigliottina - LâEreditÃ  24/04/2021',Rai,24/04/2021,https://www.youtube.com/watch?v=QP_Pa07Tzp8,24-04-2021.jpg,"MANDARE,CALDO,STRETTI,KLIMT,PUGILE,115.000"
La ghigliottina - LâEreditÃ  23/04/2021',Rai,23/04/2021,https://www.youtube.com/watch?v=YRSaAvYjl24,23-04-2021.jpg,"TUTTI,GRAZIE,CONTRATTO,SPIRITO,ARTISTICA,57.500"
La ghigliottina - LâEreditÃ  14/04/2021',Rai,14/04/2021,https://www.youtube.com/watch?v=NvVMgePp3SA,14-04-2021.jpg,"MAESTRO,FINALE,VELOCITA,PIACERE,FELINO,52.500"
La ghigliottina - LâEreditÃ  12/04/2021',Rai,12/04/2021,https://www.youtube.com/watch?v=iSBerDAzjhc,12-04-2021.jpg,"MANTELLO,UNIFORME,POLVERE,SOCIALE,CUMULO,7.500"
La ghigliottina - LâEreditÃ  11/04/2021',Rai,11/04/2021,https://www.youtube.com/watch?v=Z1EUbQ7aE8o,11-04-2021.jpg,"PENSIERO,MANI,GIORNO,ECONOMICA,DICHIARAZIONE,52.500"
La ghigliottina - LâEreditÃ  06/04/2021',Rai,06/04/2021,https://www.youtube.com/watch?v=evYjntla40I,06-04-2021.jpg,"noci,ECONOMICO,NATURA,34? STRADA,MILANO,35.0uu"
La ghigliottina - LâEreditÃ  03/04/2021',Rai,03/04/2021,https://www.youtube.com/watch?v=rTfcXWwUsJc,03-04-2021.jpg,"STAGIONE,PAGINA,SCIENTIFICA,CANZONE,ATTORE,52.500"
La ghigliottina - L'EreditÃ  21/03/2021',Rai,21/03/2021,https://www.youtube.com/watch?v=fl5fK0L6xyA,21-03-2021.jpg,"SOGGETTO,PERDERE,PROSSIMA,PILOTA,EREDITA,16.250"
La ghigliottina - L'EreditÃ  18/03/2021',Rai,18/03/2021,https://www.youtube.com/watch?v=SgX5D7549gs,18-03-2021.jpg,"ARTE,TORNARE,FUORI,PANE,SCARPE,62.500"
La ghigliottina - LâEreditÃ  11/03/2021',Rai,11/03/2021,https://www.youtube.com/watch?v=rjDV1uPkvVI,11-03-2021.jpg,"PRESIDENTE,ATLETA,ACHILLE,OBBLIGO,FALSO,62.500"
La ghigliottina - LâEreditÃ  06/03/2021',Rai,06/03/2021,https://www.youtube.com/watch?v=IhkDuqhed64,06-03-2021.jpg,"QUALITA,VELOCITÃ,ALTEZZA,TECNICO,PAROLE,57.5u0"
La ghigliottina - LâEreditÃ  24/02/2021',Rai,24/02/2021,https://www.youtube.com/watch?v=NFiVOntsey0,24-02-2021.jpg,"ENTRARE,AUGURI,PAGAMENTO,NETTO,ACCADEMICO,52.500"
La ghigliottina - LâEreditÃ  20/02/2021',Rai,20/02/2021,https://www.youtube.com/watch?v=A7Ux5SxO_bA,20-02-2021.jpg,"GLOBO,ORDINE,POETA,DEBITO,POPOLO,52.500"
La ghigliottina - LâEreditÃ  17/02/2021',Rai,17/02/2021,https://www.youtube.com/watch?v=A_xROwyN62g,17-02-2021.jpg,"COMUNE,DEA,LIBERTA,NUOvA,ORA,50.000"
La ghigliottina - LâEreditÃ  09/02/2021',Rai,09/02/2021,https://www.youtube.com/watch?v=iu8OWovfbc0,09-02-2021.jpg,"PASSARE,PESANTE,ARIA,REGOLE,SAVOIA,28.750"
La ghigliottina - LâEreditÃ  08/02/2021',Rai,08/02/2021,https://www.youtube.com/watch?v=gpM773vxdeM,08-02-2021.jpg,"MEZZO,CONTRO,METTERE,VELOCITÃ,MONETA,57.500"
La ghigliottina - LâEreditÃ  07/02/2021',Rai,07/02/2021,https://www.youtube.com/watch?v=A5mvARVzcPc,07-02-2021.jpg,"AFRICANO,BENESSERE,No,FORMAZIONE,COSTRUZIONE,62.500"
La ghigliottina - LâEreditÃ  01/02/2021',Rai,01/02/2021,https://www.youtube.com/watch?v=49Ykjvk4Jew,01-02-2021.jpg,"FEDELE,FAMILIARE,PROGRAMMA,TELEVISIVA,BARNEY,28.750"
La ghigliottina - LâEreditÃ  31/01/2021',Rai,31/01/2021,https://www.youtube.com/watch?v=cte9Z2opLwM,31-01-2021.jpg,"VITa,METALLO,SUCCESSO,RICCO,ANTICO,57.500"
La ghigliottina - LâEreditÃ  29/01/2021',Rai,29/01/2021,https://www.youtube.com/watch?v=pj1L_UhUCvo,29-01-2021.jpg,"IMITAZIONE,FUGA,SEGUIRE,RAGIONE,MATERNO,40.000"
La ghigliottina - LâEreditÃ  27/01/2021',Rai,27/01/2021,https://www.youtube.com/watch?v=OeC8R9lCPRg,27-01-2021.jpg,"COMPAGNIA,CENERENTOLA,DARE,PREZZO,TECNICO,250.000"
La ghigliottina - LâEreditÃ  25/01/2021',Rai,25/01/2021,https://www.youtube.com/watch?v=CzR_Zdi25Qk,25-01-2021.jpg,"LATTINE,IMPERIALE,PLASTICA,INGLESE,LATTE,57.500"
La ghigliottina - LâEreditÃ  11/01/2021',Rai,11/01/2021,https://www.youtube.com/watch?v=ZVIkf9KpN94,11-01-2021.jpg,"CASA,ANDARE,VESTITO,BUSCAGLIONE,PORCELLANA,55.Uuu"
La ghigliottina - L'EreditÃ  09/01/2021',Rai,09/01/2021,https://www.youtube.com/watch?v=Xft7xqtgntk,09-01-2021.jpg,"MOBILE,FANTE,ATTIVO,Uno, DUE,TRE,FARO,100.Uuu"
La ghigliottina - LâEreditÃ  07/01/2021',Rai,07/01/2021,https://www.youtube.com/watch?v=aSUP7lfrjwg,07-01-2021.jpg,"RETE,CASSA,GUARDARE,CAMERA,STOMACO,40.000"
La ghigliottina - LâEreditÃ  22/12/2020',Rai,22/12/2020,https://www.youtube.com/watch?v=WZKxcOxsZNw,22-12-2020.jpg,"ACCIAIO,BALLERINA,ARTIFICIALI,DECORAZIONE,MANGIARE,31.250"
La ghigliottina - LâEreditÃ  20/12/2020',Rai,20/12/2020,https://www.youtube.com/watch?v=5cnEqRQnUe0,20-12-2020.jpg,"SEMPRE,MAI,QUASI,RESTARE,MIEI,27.500"
La ghigliottina - LâEreditÃ  18/12/2020',Rai,18/12/2020,https://www.youtube.com/watch?v=zLjouWYVzCA,18-12-2020.jpg,"POLITICO,RENDERE,STAMPA,FILM,FUTURISMO,18.750"
La ghigliottina - LâEreditÃ  15/12/2020',Rai,15/12/2020,https://www.youtube.com/watch?v=uxdzexk4BuU,15-12-2020.jpg,"RAPIDO,ATTIVITA,DECRETO,UFFICIO,ETA,57.500"
La ghigliottina - LâEreditÃ  10/12/2020',Rai,10/12/2020,https://www.youtube.com/watch?v=rPTn4YGy3FI,10-12-2020.jpg,"BORGO,FRANCESE,INDUSTRIALE,DOPPIA,DETERSIVO,52.500"
La ghigliottina - LâEreditÃ  09/12/2020',Rai,09/12/2020,https://www.youtube.com/watch?v=SUehrxETAjA,09-12-2020.jpg,"GIoco,CURARE,BOTTEGA,coMuNI,ZERO,52.500"
La ghigliottina - LâEreditÃ  08/12/2020',Rai,08/12/2020,https://www.youtube.com/watch?v=c86ri9bXG8k,08-12-2020.jpg,"VIVERE,ALTA,ROSA,101,COSCIENZA,57.500"
La ghigliottina - LâEreditÃ  06/12/2020',Rai,06/12/2020,https://www.youtube.com/watch?v=gOQVFcsNRSE,06-12-2020.jpg,"AGO,MUOVERE,PUNTO,INSETTO,ORO,12.500"
La ghigliottina - LâEreditÃ  05/12/2020',Rai,05/12/2020,https://www.youtube.com/watch?v=QAqjNwZWPAE,05-12-2020.jpg,"ConTo,PUNTO,GENTE,PARIGI,UFFICIO,50.000"
La ghigliottina - LâEreditÃ  01/12/2020',Rai,01/12/2020,https://www.youtube.com/watch?v=Qrj2XbmacKI,01-12-2020.jpg,"Gioco,BORSA,FASE,OPERATORE,MACCHINA,17.500"
La ghigliottina - LâEreditÃ  30/11/2020',Rai,30/11/2020,https://www.youtube.com/watch?v=1eSpNJdpxOw,30-11-2020.jpg,"FAVORE,VENDITA,TELEFONO,VERDE,PARLARE,180.000"
La ghigliottina - LâEreditÃ  27/11/2020',Rai,27/11/2020,https://www.youtube.com/watch?v=0l910S5sNrU,27-11-2020.jpg,"FARE,PREDA,SEGNI,RAMO,VOGLIA,70.0uu"
La ghigliottina - LâEreditÃ  26/11/2020',Rai,26/11/2020,https://www.youtube.com/watch?v=FDKPGDcf2IU,26-11-2020.jpg,"LIBRO,VIVERE,MATERIA,GLORIA,INTERPRETAZIONE,22.500"
La ghigliottina - LâEreditÃ  25/11/2020',Rai,25/11/2020,https://www.youtube.com/watch?v=gnaKLy6jNQM,25-11-2020.jpg,"DUELLO,SOCCORSO,LEGGERO,MAMMA,CARRELLO,8.750"
La ghigliottina - LâEreditÃ  16/11/2020',Rai,16/11/2020,https://www.youtube.com/watch?v=vd10EDVlahs,16-11-2020.jpg,"PUNTO,FACILE,STORICO,DIVIETO,GASSMAN,90.Uuu"
La ghigliottina - LâEreditÃ  14/11/2020',Rai,14/11/2020,https://www.youtube.com/watch?v=vqfrg8AIC2E,14-11-2020.jpg,"TAGLIO,PIETANZA,PECCATO,PILOTA,ANTICA,30.000"
La ghigliottina - LâEreditÃ  11/11/2020',Rai,11/11/2020,https://www.youtube.com/watch?v=GXfqLFgRCVo,11-11-2020.jpg,"IMITAZIONE,FUGA,SEGUIRE,RAGIONE,MATERNO,40.000"
La ghigliottina - LâEreditÃ  06/11/2020',Rai,06/11/2020,https://www.youtube.com/watch?v=IHwD_80yehc,06-11-2020.jpg,"MESSA,ROMAGNOLA,CAPELLI,BELLA,SELVATICA,80.000"
La ghigliottina - LâEreditÃ  05/11/2020',Rai,05/11/2020,https://www.youtube.com/watch?v=VXu7CEdin5Y,05-11-2020.jpg,"DISCORSO,SEGUIRE,CHITARRA,MANCANZA,VITA,57.500"
La ghigliottina - LâEreditÃ  01/11/2020',Rai,01/11/2020,https://www.youtube.com/watch?v=4jkX_5pRWSk,01-11-2020.jpg,"LAVAGGIO,VoTo,MASSIMA,VOCALI,PERICOLO,57.500"
La ghigliottina - LâEreditÃ  17/10/2020',Rai,17/10/2020,https://www.youtube.com/watch?v=yAbxGagrHXs,17-10-2020.jpg,"LINGUAGGIO,VESTIRE,ARTISTICA,PICCOLA,PASSAGGIO,26.250"
La ghigliottina - LâEreditÃ  10/10/2020',Rai,10/10/2020,https://www.youtube.com/watch?v=gfawgYztpKc,10-10-2020.jpg,"PENSIERO,PIACERE,SECONDA,CONSIGLI,CONFERMA,210.Uu0"
LA GHIGLIOTTINA - L'EREDITÃ 01/02/2012',Vincenzo Guida,01/02/2012,https://www.youtube.com/watch?v=tkJv56i9OyQ,01-02-2012.jpg,"Prenuere,Ucau,Aleny,Aigulo,Oulore,23.750"
La ghigliottina - LâEreditÃ  05/10/2020',Rai,05/10/2020,https://www.youtube.com/watch?v=OPcbPsFkJxo,05-10-2020.jpg,"ALLEGRO,AGIRE,SAGGIO,LINEA,ANIMO,26.250"
La Ghigliottina - LâEreditÃ  30/09/2020',Rai,30/09/2020,https://www.youtube.com/watch?v=x5I6DeAS4do,30-09-2020.jpg,"LUNGO,BELLA,LETTERA,CENA,SCENE,50.000"
La Ghigliottina - L'EreditÃ  29/09/2020',Rai,29/09/2020,https://www.youtube.com/watch?v=HlHPWEVTG9E,29-09-2020.jpg,"BAMBINI,QUARTIERE,GIURIDICO,RITIRO,USATO,105.000"
La ghigliottina - L'EreditÃ  19/03/2020',Rai,19/03/2020,https://www.youtube.com/watch?v=uuuoYo4Nbng,19-03-2020.jpg,"FORZA,REATO,LAVORO,ANDARE,DIRETTO,26.250"
La ghigliottina - L'EreditÃ  18/03/2020',Rai,18/03/2020,https://www.youtube.com/watch?v=UKufrsqfpSA,18-03-2020.jpg,"RACCOGLIERE,INTEGRALE,SONDAGGIO,TV,FELLINI,90.U00"
La ghigliottina - L'EreditÃ  15/03/2020',Rai,15/03/2020,https://www.youtube.com/watch?v=NwDkEplAcTw,15-03-2020.jpg,"NATURALE,DOLCE,BIANCO,COPIA,LOCOMOTIVA,10.000"
La ghigliottina - L'EreditÃ  20/02/2020',Rai,20/02/2020,https://www.youtube.com/watch?v=vQ_gUhAdSS0,20-02-2020.jpg,"TERRENO,POLITICA,ARRIVARE,SEGNO,PARTI,105.Uou"
La ghigliottina - L'EreditÃ  17/02/2020',Rai,17/02/2020,https://www.youtube.com/watch?v=H3JfwfMa53Q,17-02-2020.jpg,"NATALE,FESTIVAL,SCRIVERE,MATTINA,CALLIOPE,35.000"
L'EreditÃ  - La Ghigliottina (2005/2006) con Amadeus',NiccolÃ² Masiani,Amadeus,https://www.youtube.com/watch?v=jqQGrbdCAa0,Amadeus.jpg,"LOUUA,PolIZIOIO,Satellite,QIEMALY,30.000"
La ghigliottina -  L'EreditÃ  11/02/2020',Rai,11/02/2020,https://www.youtube.com/watch?v=WF4CJ3t5QSM,11-02-2020.jpg,"ORDINE,COMPITO,REGOLARE,MEDIA,REALE,47.500"
La ghigliottina - L'EreditÃ  05/02/2020',Rai,05/02/2020,https://www.youtube.com/watch?v=HJApwb4O6uA,05-02-2020.jpg,"MOSTRARE,CARATTERE,NUMERO,TITOLO,CHIACCHIERE,50.0u0"
La ghigliottina - L'EreditÃ  28/01/2020',Rai,28/01/2020,https://www.youtube.com/watch?v=BelpgfCR88c,28-01-2020.jpg,"STRADA,PURGATORIO,GORILLA,SOLDI,GIGANTI,10.U00"
La ghigliottina - L'EreditÃ  24/01/2020',Rai,24/01/2020,https://www.youtube.com/watch?v=nw8ZNgBehD0,24-01-2020.jpg,"SCRIVERE,ROSSO,COLORI,LUCE,INCHIESTA,11.250"
La ghigliottina - L'EreditÃ  18/01/2020',Rai,18/01/2020,https://www.youtube.com/watch?v=2gurAhKqDLo,18-01-2020.jpg,"RITO,PROFONDITÃ,ESSERE,INDIA,CHIAVE,170.000"
La ghigliottina - L'EreditÃ  13/01/2020',Rai,13/01/2020,https://www.youtube.com/watch?v=jqWIVXB2yaw,13-01-2020.jpg,"VERITA,TOGLIERE,MONDO,TERRA,MARINAIO,42.500"
La ghigliottina - L'EreditÃ  31/12/2019',Rai,31/12/2019,https://www.youtube.com/watch?v=cdKF8J1hAK0,31-12-2019.jpg,"CANTO,TESTO,SPUNTA,POSTA,TOMBOLA,40.000"
La ghigliottina - L'EreditÃ  21/12/2019',Rai,21/12/2019,https://www.youtube.com/watch?v=Z26rxpsehlY,21-12-2019.jpg,"GUERRA,LODE,LAVORATORI,NAZIONALE,EUROPEO,21.250"
La ghigliottina - L'EreditÃ  13/12/2019',Rai,13/12/2019,https://www.youtube.com/watch?v=IomTJAhZQys,13-12-2019.jpg,"ERRORE,CONQUISTARE,OCCHIO,MANIFESTAZIONE,AUTO,80.000"
La ghigliottina - L'EreditÃ  11/12/2019',Rai,11/12/2019,https://www.youtube.com/watch?v=sR7h3AQs2Wo,11-12-2019.jpg,"CAMBIARE,ACCESO,TELEVISIVO,MASCHERA,SCOPERTO,42.500"
La ghigliottina - L'EreditÃ  03/12/2019',Rai,03/12/2019,https://www.youtube.com/watch?v=1bQg9NnfgeU,03-12-2019.jpg,"STRADE,NUovo,QUARTO,SANGUE,FERMO,18.750"
La ghigliottina -  L'EreditÃ  20/11/2019',Rai,20/11/2019,https://www.youtube.com/watch?v=FGlhLbFoCVY,20-11-2019.jpg,"ANDARE,MACCHINA,DANNI,FILO,MANGIA,95.000"
La ghigliottina - L'EreditÃ  17/11/2019',Rai,17/11/2019,https://www.youtube.com/watch?v=bG1wsXxIdVs,17-11-2019.jpg,"MARTELLO,STORIA,TOcco,PRESSIONE,PUNTA,10.000"
La ghigliottina - L'EreditÃ  14/11/2019',Rai,14/11/2019,https://www.youtube.com/watch?v=QtHes7C8pcE,14-11-2019.jpg,"MONDIALE,FUOCO,MOTORE,MASSIMA,ELEVARE,52.500"
La ghigliottina - L'EreditÃ  11/11/2019',Rai,11/11/2019,https://www.youtube.com/watch?v=lWj3ppyepxc,11-11-2019.jpg,"CAMBIO,CONTRO,MANCARE,ANTICO,LUPO,100.Uuo"
La ghigliottina - L'EreditÃ  10/11/2019',Rai,10/11/2019,https://www.youtube.com/watch?v=VVq41Rcz7ug,10-11-2019.jpg,"Gioco,SALVO,VIE,COPPIA,DATO,50.000"
La ghigliottina - L'EreditÃ  09/11/2019',Rai,09/11/2019,https://www.youtube.com/watch?v=ZAIbfJ9YLVc,09-11-2019.jpg,"MIGLIORE,ALA,ALTO,VISTO,MONTAGNA,85.000"
La ghigliottina -  L'EreditÃ  07/11/2019',Rai,07/11/2019,https://www.youtube.com/watch?v=R35CNkQh0K0,07-11-2019.jpg,"NIENTE,PICCOLO,ARTICOLO,PREZZO,BUONO,47.500"
La ghigliottina - L'EreditÃ  03/11/2019',Rai,03/11/2019,https://www.youtube.com/watch?v=LqhdyXGslsM,03-11-2019.jpg,"ANIMA,GENTE,CARMELO,IMMOBILE,MALE,45.0u0"
La ghigliottina - L'EreditÃ  31/10/2019',Rai,31/10/2019,https://www.youtube.com/watch?v=WKkwkYeKdro,31-10-2019.jpg,"CONTRATTO,BUON,SCENE,SUD,FOTO,42.500"
La ghigliottina - L'EreditÃ  26/10/2019',Rai,26/10/2019,https://www.youtube.com/watch?v=wKBK1HRKfy4,26-10-2019.jpg,"BIANCO,CUCINA,COPERTA,LINO,NERO,95.000"
La ghigliottina - L'EreditÃ  18/10/2019',Rai,18/10/2019,https://www.youtube.com/watch?v=nXcZcMsPdSo,18-10-2019.jpg,"POSTA,COMPAGNIA,ZIO,PRESENZA,VITA,80.000"
La ghigliottina - L'EreditÃ  17/10/2019',Rai,17/10/2019,https://www.youtube.com/watch?v=95Pf9JEuCrk,17-10-2019.jpg,"SEDERE,SPALLA,MURO,VOCE,BIANCO,23.750"
La ghigliottina - L'EreditÃ  14/10/2019',Rai,14/10/2019,https://www.youtube.com/watch?v=wqx62G2C_t4,14-10-2019.jpg,"NEVE,DIEGO,CAVALCARE,REALE,UoMo,35.Uuu"
La ghigliottina - L'EreditÃ  12/10/2019',Rai,12/10/2019,https://www.youtube.com/watch?v=V9Y4b5QsYCU,12-10-2019.jpg,"AUTORE,VISTA,PESANTE,USO,CORSO,45.000"
La ghigliottina - L'EreditÃ  11/10/2019',Rai,11/10/2019,https://www.youtube.com/watch?v=niuFNmc267c,11-10-2019.jpg,"FERMO,MUOVERE,CANI,ALTO,SPALLA,75.000"
La ghigliottina - L'EreditÃ  10/10/2019',Rai,10/10/2019,https://www.youtube.com/watch?v=tLJQN7y8Jo4,10-10-2019.jpg,"GRUPPO,PERICOLO,CALCIO,ENTRARE,FATTO,190.Uuo"
La ghigliottina - L'EreditÃ  07/10/2019',Rai,07/10/2019,https://www.youtube.com/watch?v=Gm49DN7YmiM,07-10-2019.jpg,"CAMPIONE,ENTRARE,PALAZZO,RIGORE,LEONE,55.Uuu"
La ghigliottina - L'EreditÃ   05/10/2019',Rai,05/10/2019,https://www.youtube.com/watch?v=Eh7ym30ajLk,05-10-2019.jpg,"VALLE,CAPELLI,ESSERE,RISO,ALTEZZA,47.500"
La ghigliottina - L'EreditÃ  28/09/2019',Rai,28/09/2019,https://www.youtube.com/watch?v=eSxUeMBQGH4,28-09-2019.jpg,"ANDARE,PONTE,COMUNE,FIRMA,AMORE,21.250"
La ghigliottina - L'EreditÃ  27/09/2019',Rai,27/09/2019,https://www.youtube.com/watch?v=5y1pA9SMGfs,27-09-2019.jpg,"SENZA,VITA,GRANDE,GRANDI,IMPORTANTE,90.000"
La ghigliottina - L'EreditÃ  25/09/2019',Rai,25/09/2019,https://www.youtube.com/watch?v=s4eOm6D_PxU,25-09-2019.jpg,"LEGGE,DARE,TITOLO,GIUDIZIO,USATO,27.500"
La ghigliottina - L'EreditÃ  02/06/2019',Rai,02/06/2019,https://www.youtube.com/watch?v=VaHUR5TuxPk,02-06-2019.jpg,"RICORDO,OFFERTA,CONSIGLIO,UNO,ALBUM,26.250"
La ghigliottina - L' EreditÃ  28/05/2019',Rai,28/05/2019,https://www.youtube.com/watch?v=l7Er9SerzN8,28-05-2019.jpg,"SERVIZIO,VAPORE,PESCE,STRADE,VISO,45.000"
La ghigliottina - L' EreditÃ  23/05/2019',Rai,23/05/2019,https://www.youtube.com/watch?v=I7vvCNdTWsI,23-05-2019.jpg,"CAPO,PERDERE,AEREO,STATO,LUCI,220.000"
La ghigliottina - L' EreditÃ  20/05/2019',Rai,20/05/2019,https://www.youtube.com/watch?v=lqNTGFOZufM,20-05-2019.jpg,"REGALO,COMBATTERE,SALE,FELICE,FONDO,27.500"
La ghigliottina - L' EreditÃ  19/05/2019',Rai,19/05/2019,https://www.youtube.com/watch?v=GWdu0PUqjbw,19-05-2019.jpg,"PIATTO,LUCE,CIRCOLARE,TOLEDO,MONACO,105.000"
La ghigliottina - L' EreditÃ  15/05/2019',Rai,15/05/2019,https://www.youtube.com/watch?v=r_PpaocVSAI,15-05-2019.jpg,"GATTo,CUORE,StATO,BUON,WEST,50.0u0"
La ghigliottina - L'EreditÃ  del 17/04/2019',Rai,17/04/2019,https://www.youtube.com/watch?v=WK9kGphTfJ0,17-04-2019.jpg,"ALTO,TUTTO,FACCIA,VITA,GRAN,95.000"
La ghigliottina - L'EreditÃ  del 16/04/2019',Rai,16/04/2019,https://www.youtube.com/watch?v=gas3BKx51fs,16-04-2019.jpg,"SERIE A,RICEVERE,ATTESA,FILM,SOCIALE,50.000"
La ghigliottina - L'EreditÃ  del 15/04/2019',Rai,15/04/2019,https://www.youtube.com/watch?v=YmtK81T44bA,15-04-2019.jpg,"FARE,DESTINO,MOVIMENTO,INNOCENTE,TELEFONO,90.000"
La ghigliottina - L'EreditÃ  del 11/04/2019',Rai,11/04/2019,https://www.youtube.com/watch?v=29Gd4KGEm6w,11-04-2019.jpg,"SEMPLICE,GUARDIA,MEZZO,CAPPELLO,VECCHIO,100.0uo"
La ghigliottina - L'EreditÃ  del 10/04/2019',Rai,10/04/2019,https://www.youtube.com/watch?v=HlzMy54Bndc,10-04-2019.jpg,"PIANO,FASCIA,AIUTO,CHAMPAGNE,SEGRETO,55.000"
La ghigliottina - L'EreditÃ  del 27/03/2019',Rai,27/03/2019,https://www.youtube.com/watch?v=QsQT1RNd0VQ,27-03-2019.jpg,"BRUTTO,ANDARE,FARINA,FRETTA,CASA,52.500"